Application Date,Contact Email,Contact Phone Number,Company Name,Job Title,Job Url,Resume Name,Question And Answers
"2/1/22, 12:17 PM",nicolaszelarayan.ez@gmail.com, +543816652925,MUTT DATA,Data Developer,http://www.linkedin.com/jobs/view/2900966140,Cv programación -convertido.pdf,
"1/22/23, 8:44 PM",nicolaszelarayan.ez@gmail.com, +543816652925,Advanced SoftwareDesarrollador Siebel 100% ,Soporte Técnico Semi Sr o Sr ,http://www.linkedin.com/jobs/view/3440104467,CV Fernando Nicolas Zelarayan 2023.pdf,
"12/28/22, 2:13 PM",nicolaszelarayan.ez@gmail.com, +543816652925,Telecom Argentina,UX Researcher Lead,http://www.linkedin.com/jobs/view/3409182994,Cv programación -convertido.pdf,¿Cuántos años de experiencia tienes con Sistemas de punto de venta?:2 | ¿Cuántos años de experiencia tienes con Desarrollo de productos?:3 | Envía tu currículum o perfil de LinkedIn:-1679208523.pdf | ¿Cuántos años de experiencia tienes con Marketing?:2 | ¿Cual es tu remuneración bruta pretendida para realizar un cambio?:120000 | Email:nicolaszelarayan.ez@gmail.com | Teléfono móvil:+54 3816652925
"8/5/22, 6:35 AM",nicolaszelarayan.ez@gmail.com, +543816652925,BBVA en Argentina,DISEÑADOR/A UXUI,http://www.linkedin.com/jobs/view/3161212954,Cv programación -convertido.pdf,
"2/2/22, 9:53 PM",nicolaszelarayan.ez@gmail.com, +543816652925,Scotti Corp,Junior Web Developer,http://www.linkedin.com/jobs/view/2902041778,Cv programación -convertido.pdf,What is your level of proficiency in English?:Conversación | How many years of work experience do you have using jQuery?:0 | Please submit a resume or LinkedIn profile:-1679208523.pdf | Mobile phone number:+54 3816652925 | How many years of work experience do you have using JavaScript?:1 | How many years of work experience do you have using HTML?:1 | Email address:nicolaszelarayan.ez@gmail.com | How many years of work experience do you have using Git?:1 | How many years of work experience do you have using Cascading Style Sheets (CSS)?:1
"1/22/23, 11:24 PM",nicolaszelarayan.ez@gmail.com, +543816652925,JuMp Consultora,Administrador de servidores en Linux. Soporte técnico. ,http://www.linkedin.com/jobs/view/3443757585,CV Fernando Nicolas Zelarayan 2023.pdf,Teléfono móvil:+54 3816652925 | ¿Cuántos años de experiencia tienes con Linux?:2 | ¿Te importaría combinar el trabajo presencial y a distancia?:Sí | Envía tu currículum o perfil de LinkedIn:706527155.pdf | Email:nicolaszelarayan.ez@gmail.com | Tiene experiencia en servicios de Web Hosting?:Yes | Tiene experiencia en C/Panel?:Yes
"12/28/22, 2:18 PM",nicolaszelarayan.ez@gmail.com, +543816652925,SYNAgro - Software Agropecuario ,"HELP DESK ""IT""",http://www.linkedin.com/jobs/view/3412771020,Cv programación -convertido.pdf,Envía tu currículum o perfil de LinkedIn:-1679208523.pdf | ¿Cuántos años de experiencia tienes con MySQL?:2 | ¿Cuántos años de experiencia tienes con Maximo?:2 | Teléfono móvil:+54 3816652925 | ¿Cuántos años de experiencia tienes con SQL?:2 | Email:nicolaszelarayan.ez@gmail.com
"1/22/23, 8:41 PM",nicolaszelarayan.ez@gmail.com, +543816652925,Improve Resources,iDeja tus datos en nuestra base de talentos!,http://www.linkedin.com/jobs/view/3448276934,CV Fernando Nicolas Zelarayan 2023.pdf,
"1/15/23, 2:58 AM",nicolaszelarayan.ez@gmail.com, +543816652925,Almundo - CVC Argentina,Agente para Redes Sociales,http://www.linkedin.com/jobs/view/3435694714,CV Fernando Nicolas Zelarayan 2023.pdf,Envía tu currículum o perfil de LinkedIn:706527155.pdf | Teléfono móvil:+54 3816652925 | ¿Cuál es tu remuneración Bruta Pretendida?:120000 | Email:nicolaszelarayan.ez@gmail.com
"1/20/23, 1:14 AM",nicolaszelarayan.ez@gmail.com, +543816652925,InfOil,Desarrollador,http://www.linkedin.com/jobs/view/3442190165,CV Fernando Nicolas Zelarayan 2023.pdf,¿Cuántos años de experiencia tienes con SQL?:1 | ¿Cuántos años de experiencia tienes con PostgreSQL?:1 | ¿Cuántos años de experiencia tienes con Microsoft SQL Server?:1 | Teléfono móvil:+54 3816652925 | Email:nicolaszelarayan.ez@gmail.com | Envía tu currículum o perfil de LinkedIn:706527155.pdf
"12/19/22, 7:02 AM",nicolaszelarayan.ez@gmail.com, +543816652925,Telecom Argentina,Analista AML Ssr - Personal Pay ,http://www.linkedin.com/jobs/view/3376326582,Cv programación -convertido.pdf,
"1/26/23, 11:00 AM",nicolaszelarayan.ez@gmail.com, +543816652925,Acciona IT,Soporte Técnico junior,http://www.linkedin.com/jobs/view/3452234369,CV Fernando Nicolas Zelarayan 2023.pdf,¿Cuántos años de experiencia tienes con Azure?:1 | ¿Cuántos años de experiencia tienes con Amazon Web Services?:1 | ¿Cuántos años de experiencia tienes con O365?:3 | Teléfono móvil:+54 3816652925 | ¿Aceptas facturar a través de monotributo?:Yes | Envía tu currículum o perfil de LinkedIn:706527155.pdf | Email:nicolaszelarayan.ez@gmail.com | ¿Cuál es tu salario neto pretendido?:150000
"2/7/22, 1:31 PM",nicolaszelarayan.ez@gmail.com, +543816652925,Shalion,Programador Javascript,http://www.linkedin.com/jobs/view/2899582287,Cv programación -convertido.pdf,Email address:nicolaszelarayan.ez@gmail.com | Please submit a resume or LinkedIn profile:-1679208523.pdf | Mobile phone number:+54 3816652925 | How many years of work experience do you have using Programming?:1 | Are you comfortable working in a remote setting?:Sí | How many years of work experience do you have using Web Scraping?:1 | How many years of work experience do you have using JavaScript?:1 | What is your level of proficiency in English?:Conversación
"1/9/23, 11:01 AM",nicolaszelarayan.ez@gmail.com, +543816652925,NTT DATA,Linux Sysadmin,http://www.linkedin.com/jobs/view/3420923003,CV Fernando Nicolas Zelarayan 2023.pdf,Envía tu currículum o perfil de LinkedIn:706527155.pdf | ¿Remuneración bruta pretendida?:120000 | Teléfono móvil:+54 3816652925 | Email:nicolaszelarayan.ez@gmail.com
"1/23/23, 12:27 AM",nicolaszelarayan.ez@gmail.com, +543816652925,Seincomp Informática,Consultor JR Mesa de Ayuda IT,http://www.linkedin.com/jobs/view/3442228450,CV Fernando Nicolas Zelarayan 2023.pdf,"Teléfono móvil:+54 3816652925 | ¿Cuántos años de experiencia tienes como Tecnología, información e internet?:3 | ¿Cuántos años de experiencia tienes como Atención al cliente?:3 | Envía tu currículum o perfil de LinkedIn:706527155.pdf | Email:nicolaszelarayan.ez@gmail.com"
"1/3/23, 3:26 PM",nicolaszelarayan.ez@gmail.com,N/A,,,http://www.linkedin.com/jobs/view/3418742931,Cv programación -convertido.pdf,"Please submit a resume or LinkedIn profile:-1679208523.pdf | Last name:Zelarayan | 💎 Good English skills:Yes | Email address:nicolaszelarayan.ez@gmail.com | ⌚ We work 9AM - 7PM EST, can you?:Yes | 📝 We're only hiring independent contractors, are you interested? This is not an employer-employee relationship.:Yes | 💲Your monthly salary expectation in U$D:500 - 700 | Job Listing Type:BASIC | First name:Fernando Nicolas | 🤹🏻 Select all the platforms you have experience with:[Google Workspace, Slack] | 🕞 Years of experience in a similar role:1"
"1/24/23, 10:05 AM",nicolaszelarayan.ez@gmail.com, +543816652925,RockinDev,Rockin' DevOps,http://www.linkedin.com/jobs/view/3442111230,CV Fernando Nicolas Zelarayan 2023.pdf,How many years of work experience do you have with Python (Programming Language)?:1 | How many years of work experience do you have with Linux?:2 | How many years of work experience do you have with Amazon Web Services (AWS)?:1 | Mobile phone number:+54 3816652925 | Please submit a resume or LinkedIn profile:706527155.pdf | Email address:nicolaszelarayan.ez@gmail.com
"1/21/23, 7:52 PM",nicolaszelarayan.ez@gmail.com, +543816652925,CENSYS S.A.,Administrador/a IT,http://www.linkedin.com/jobs/view/3255663251,CV Fernando Nicolas Zelarayan 2023.pdf,
"1/2/23, 2:33 PM",nicolaszelarayan.ez@gmail.com, +543816652925,Telecom Argentina,Analista CRO,http://www.linkedin.com/jobs/view/3423735703,Cv programación -convertido.pdf,¿Cuántos años de experiencia tienes en marketing de conversión o CRO?:1 | ¿Cuál es tu remuneración bruta pretendida?:125000 | Envía tu currículum o perfil de LinkedIn:-1679208523.pdf | Teléfono móvil:+54 3816652925 | Email:nicolaszelarayan.ez@gmail.com | ¿Tenes experiencia en optimización de flujos en APPs?:Yes
"8/5/22, 6:34 AM",nicolaszelarayan.ez@gmail.com, +543816652925,BBVA en Argentina,Bootcamps BBVA,http://www.linkedin.com/jobs/view/3194125821,Cv programación -convertido.pdf,¿Contas con algun conocimiento/experiencia de algunos de los lenguajes y/o herramientas descriptas en el aviso? ¿De cual/cuales?:Yes | Envía tu currículum o perfil de LinkedIn:-1679208523.pdf | Email:nicolaszelarayan.ez@gmail.com | Teléfono móvil:+54 3816652925
"12/16/22, 10:19 AM",nicolaszelarayan.ez@gmail.com, +543816652925,GrowPro,Help desk,http://www.linkedin.com/jobs/view/3396251618,Cv programación -convertido.pdf,¿Cuántos años de experiencia tienes en áreas de soporte técnico?:4 | Envía tu currículum o perfil de LinkedIn:-1679208523.pdf | Email:nicolaszelarayan.ez@gmail.com | Teléfono móvil:+54 3816652925
"1/22/23, 8:54 PM",nicolaszelarayan.ez@gmail.com, +543816652925,Naranja X,¡Deja tus datos en nuestra base de talentos!,http://www.linkedin.com/jobs/view/3425506819,CV Fernando Nicolas Zelarayan 2023.pdf,
"7/12/22, 6:26 PM",nicolaszelarayan.ez@gmail.com, +543816652925,La Segunda Seguros CLSG,Perfiles IT ,http://www.linkedin.com/jobs/view/3166972216,Cv programación -convertido.pdf,
"1/18/23, 11:45 PM",nicolaszelarayan.ez@gmail.com, +543816652925,Santander Tecnología Argentina,JR Sysadmin Linux,http://www.linkedin.com/jobs/view/3441026036,CV Fernando Nicolas Zelarayan 2023.pdf,¿Cuántos años de experiencia tienes con Linux?:2 | Teléfono móvil:+54 3816652925 | Email:nicolaszelarayan.ez@gmail.com | Envía tu currículum o perfil de LinkedIn:706527155.pdf
"10/22/22, 2:40 PM",nicolaszelarayan.ez@gmail.com, +543816652925,Pivotar Consultora de Recursos Humanos,Estudiante avanzado de informatica,http://www.linkedin.com/jobs/view/3313398557,Cv programación -convertido.pdf,
"1/15/23, 2:51 AM",nicolaszelarayan.ez@gmail.com, +543816652925,Telecom Argentina,Tech Engineer Plataforma Core,http://www.linkedin.com/jobs/view/3437951532,CV Fernando Nicolas Zelarayan 2023.pdf,Teléfono móvil:+54 3816652925 | Envía tu currículum o perfil de LinkedIn:706527155.pdf | Email:nicolaszelarayan.ez@gmail.com
"12/16/22, 10:22 AM",nicolaszelarayan.ez@gmail.com, +543816652925,Tsoft,DevOps Jr,http://www.linkedin.com/jobs/view/3333621166,Cv programación -convertido.pdf,
"1/9/23, 10:01 AM",nicolaszelarayan.ez@gmail.com, +543816652925,Telecom Argentina,Ejecutivo de Cuentas Cybersecurity Sales,http://www.linkedin.com/jobs/view/3400903813,CV Fernando Nicolas Zelarayan 2023.pdf,Email:nicolaszelarayan.ez@gmail.com | Envía tu currículum o perfil de LinkedIn:706527155.pdf | ¿Cuántos años de experiencia tienes con Ventas?:1 | ¿Cuántos años de experiencia tienes con Preventas?:1 | Teléfono móvil:+54 3816652925 | ¿Cuántos años de experiencia tienes con Ciberseguridad?:2
