Saved Date,Job Url,Job Title,Company Name
"1/14/23, 2:03 PM",http://www.linkedin.com/jobs/view/3433453186,Especialista de IT/OTT,Telecentro
"1/14/23, 2:04 PM",http://www.linkedin.com/jobs/view/3423020255,Especialista de plataformas ,Telecentro
"12/17/22, 8:20 AM",http://www.linkedin.com/jobs/view/3397903039,Administrador de Linux,NIXE
"1/8/23, 9:59 PM",http://www.linkedin.com/jobs/view/3386007042,Analyst Customer Experience (CX) – Argentina Remote,Prex
"1/4/23, 12:26 AM",http://www.linkedin.com/jobs/view/3424936392,Publicación exclusiva para programa de referidos Telecom,Telecom Argentina
"3/30/22, 4:43 AM",http://www.linkedin.com/jobs/view/2990550745,Node.js Developer Jr/Ssr,Tsoft
"4/10/23, 4:39 AM",http://www.linkedin.com/jobs/view/3545523317,Cloud Admin Jr,NTT DATA
"1/6/23, 3:27 AM",http://www.linkedin.com/jobs/view/3402297453,Agente de Service Desk Jr,SONDA
"1/4/23, 11:19 PM",http://www.linkedin.com/jobs/view/3425699965,Soporte Técnico N1 Junior (Remoto),Chumi-IT / Portal de empleos IT
"1/7/23, 11:34 AM",http://www.linkedin.com/jobs/view/3406129811,Soporte IT/Azure,Punto Net Soluciones SRL
"1/4/23, 12:28 AM",http://www.linkedin.com/jobs/view/3390260851,Ejecutivo/a de Cuentas Cloud Solutions Sales,Telecom Argentina
"3/12/23, 11:34 AM",http://www.linkedin.com/jobs/view/3512860050,Analista de soporte de software,SMARTFENSE
"1/6/23, 3:28 AM",http://www.linkedin.com/jobs/view/3333621166,DevOps Jr,Tsoft
"4/10/23, 4:38 AM",http://www.linkedin.com/jobs/view/3559022832,Admin Linux y Cloud JR,Accenture Argentina
"3/5/23, 5:01 PM",http://www.linkedin.com/jobs/view/3507108683,Soporte N1 SQL ,Minsait
"1/15/23, 3:09 AM",http://www.linkedin.com/jobs/view/3434080189,Analista de Soporte de TI - Trabajo Remoto,BairesDev
"1/6/23, 3:29 AM",http://www.linkedin.com/jobs/view/3402313340,IT Technician Intern,AppDirect
