Name,Url,Authority,Started On,Finished On,License Number
Introducción al desarrollo web,https://learndigital.withgoogle.com/link/1nur091p2ww,Google,Dec 2021,,DFG UVU P38
Fundamentos de Ingeniería de Software,https://platzi.com/p/nicolaszelarayan.ez/curso/1098-ingenieria/diploma/detalle/,Platzi,Dec 2021,,c6cff34c-eb63-4191-93c1-ea71a1aca9f3
Curso Práctico de JavaScript,https://platzi.com/p/nicolaszelarayan.ez/curso/2327-javascript-practico/diploma/detalle/,Platzi,2021,,56d3c852-0789-4391-9fdc-30a2310e1b58
Curso Práctico de Frontend Developer,https://platzi.com/p/nicolaszelarayan.ez/curso/2477-frontend-developer-practico/diploma/detalle/,Platzi,Jan 2022,,bdb63c9e-9b7d-40bd-8a4b-9342d80a3632
Curso Gratis de Programación Básica,https://platzi.com/p/nicolaszelarayan.ez/curso/1050-programacion-basica/diploma/detalle/,Platzi,2021,,45043d6c-6421-49fc-a6d4-8046985b3b67
Curso de Introducción al Desarrollo Backend,https://platzi.com/p/nicolaszelarayan.ez/curso/2508-introduccion-backend/diploma/detalle/,Platzi,Jan 2022,,01330240-230b-4eda-abed-06740c65faa3
Curso de Introducción a la Web: Historia y Funcionamiento de Internet,https://platzi.com/p/nicolaszelarayan.ez/curso/2053-introweb/diploma/detalle/,Platzi,2021,,0c804e7d-4f70-49b5-86fb-2558486d70c8
Curso de Frontend Developer,https://platzi.com/p/nicolaszelarayan.ez/curso/2467-frontend-developer/diploma/detalle/,Platzi,2021,,0470a458-6fa3-4a4a-8e11-f45c48abb521
Curso Básico de Algoritmos y Pensamiento Lógico,https://platzi.com/p/nicolaszelarayan.ez/curso/2218-pensamiento-logico/diploma/detalle/,Platzi,2021,,fbf88ad2-6a42-4101-b285-dc3761832e30
Curso Básico de JavaScript,https://platzi.com/p/nicolaszelarayan.ez/curso/1814-basico-javascript/diploma/detalle/,Platzi,2021,,827ea181-765d-4be4-8efd-0fbedcfa0db7
Curso Básico de Python,https://platzi.com/p/nicolaszelarayan.ez/curso/1937-python/diploma/detalle/,Platzi,Jan 2022,,8b398956-f6ac-4220-9a2c-ddd753495e2a
SQL,https://www.sololearn.com/certificates/course/en/24012353/1060/landscape/png,Sololearn,Nov 2021,,24012353-1060
HTML,https://www.sololearn.com/Certificate/1014-24012353/pdf/,Sololearn,Nov 2021,,1014-24012353
Datacademy,https://platzi.com/p/nicolaszelarayan.ez/course/2681-datacademy/diploma/detalle/,Platzi,Mar 2022,,02c6003a-90ca-460c-b038-f0060102d3e7
Argentina Programa  Febrero - Abril 2022,https://mumuki.io/argentina-programa/certificates/verify/vltVK9fqj891Y61r,Mumuki,Jun 2022,,vltVK9fqj891Y61r
Curso de Máquinas Virtuales con Google Cloud Platform,https://platzi.com/p/nicolaszelarayan.ez/curso/2470-maquinas-virtuales-gcp/diploma/detalle/,Platzi,Oct 2022,,18f71757-a623-400a-a455-8761cc1edbf3
Curso Básico de JavaScript,https://platzi.com/p/nicolaszelarayan.ez/curso/1814-basico-javascript/diploma/detalle/,Platzi,Dec 2021,,827ea181-765d-4be4-8efd-0fbedcfa0db7
Ciberseguridad en el Teletrabajo,https://learndigital.withgoogle.com/link/1nur091p2ww,Google,Oct 2022,,CAJ XD4 YZN
Curso Profesional de Git y GitHub,https://platzi.com/p/nicolaszelarayan.ez/curso/1557-git-github/diploma/detalle/,Platzi,Mar 2022,,43ac5180-bd8f-4f63-8ab6-b59ddefda35a
Curso de Introducción a Java SE,https://platzi.com/p/nicolaszelarayan.ez/curso/1631-java-basico/diploma/detalle/,Platzi,Oct 2022,,1caa0e7b-e90b-4463-98f2-bd52b06bf179
Curso de Introducción al Despliegue de Aplicaciones,https://platzi.com/p/nicolaszelarayan.ez/curso/2011-despliegue-apps/diploma/detalle/,Platzi,Nov 2022,,d9944a90-2d81-45aa-b111-e7ee2dd4e02c
Curso de Administración de Servidores Linux,https://platzi.com/p/nicolaszelarayan.ez/curso/1667-linux/diploma/detalle/,Platzi,Nov 2022,,38c52793-cf09-41ae-8b7d-d1bf294bada7
IA para todos,https://www.coursera.org/account/accomplishments/certificate/YGEZE4ZZ5Q9J,Coursera,Jan 2023,,YGEZE4ZZ5Q9J
Google Cloud Fundamentals: Core Infrastructure,https://www.coursera.org/account/accomplishments/certificate/8DJZ4BRRNDT4,Coursera,Jan 2023,,8DJZ4BRRNDT4
Introducción a contenedores y Docker,https://www.coursera.org/account/accomplishments/certificate/JFFTG5PGUNGP,Coursera,Jan 2023,,JFFTG5PGUNGP
Architecting with Google Kubernetes Engine: Foundations,https://www.coursera.org/account/accomplishments/certificate/W4G3KGJUWMKU,Coursera,Jan 2023,,W4G3KGJUWMKU
 Introducción a Git y GitLab,https://www.coursera.org/account/accomplishments/certificate/595BWSZXWK8X,Coursera,Jan 2023,,595BWSZXWK8X
Architecting with Google Kubernetes Engine: Workloads,https://www.coursera.org/account/accomplishments/certificate/UX9H6AZS493A,Coursera,Mar 2023,,UX9H6AZS493A
 Database Structures and Management with MySQL,https://www.coursera.org/account/accomplishments/certificate/R2A6J6GXMS4H,Coursera,Mar 2023,,R2A6J6GXMS4H
Version Control,https://www.coursera.org/account/accomplishments/certificate/K23QC9MJNZYR,Coursera,Mar 2023,,K23QC9MJNZYR
Introduction to Databases,https://www.coursera.org/account/accomplishments/certificate/PA8HL6VDMYD3,Coursera,Mar 2023,,PA8HL6VDMYD3
 Architecting with Google Kubernetes Engine: Production,https://www.coursera.org/account/accomplishments/certificate/JYWCS95NBLLH,Coursera,Mar 2023,,JYWCS95NBLLH
 Programa Especializado - Architecting with Google Kubernetes Engine,https://www.coursera.org/account/accomplishments/specialization/certificate/864LJEFSHH9M,Google,Mar 2023,,864LJEFSHH9M
Cybersecurity Essentials,https://www.credly.com/badges/b5935ca1-433e-4eff-86d5-7f24c65344b3/linked_in_profile,Cisco,Apr 2023,,
