Date,Link,Message
2023-04-27 13:02:11,https://www.linkedin.com/feed/update/urn%3Ali%3AugcPost%3A7056960072567992320,David Mercado
2023-04-02 23:35:07,https://www.linkedin.com/feed/update/urn%3Ali%3Aactivity%3A7047297242776354817,Agustin Gomez Aranda 
2023-03-17 22:07:30,https://www.linkedin.com/feed/update/urn%3Ali%3AugcPost%3A7042513934473441280,"De las peores e ineficientes prácticas según mi punto de vista. Esto principalmente porque no podes adaptar el cv a un puesto o empresa en específico entonces es un contenido muy generalizado, como bien reza el dicho ""el que mucho abarca poco aprieta"". Otra cuestión es que no se muestra interés por el puesto sino que es algo genérico y da la sensación de que se espera que el trabajo venga a uno en lugar de buscarlo y adaptar la búsqueda. Mucha interacción no garantiza resultado, porque se necesita interacción de calidad para hacer la diferencia. Como consejo dediquen el tiempo a tener el perfil más completo de linkedin, el cv mejor redactado y eviten publicar el cv en ese tipo de publicaciones generales"
2023-01-17 19:23:38,https://www.linkedin.com/feed/update/urn%3Ali%3Aactivity%3A7019769401591627776,.
2023-01-14 21:14:59,https://www.linkedin.com/feed/update/urn%3Ali%3AugcPost%3A7019956246640214016,"Me gusto mucho el curso, especialmente los qwiklabs que son unas pruebas prácticas en las que te piden que realices ciertas tareas y lo podes realizar en el ambiente real de GCP no es simulación  donde aprendes desde tareas basicas como elegir un servicio desde marketplace o desplegar una instancia de VM y configurar hasta desplegar la infraestructura con codigo terraform. Es lo ideal aunque no tengas nada de conocimiento porque abarca desde 0 y te va mostrando las opciones y herramientas que puedes usar en GCP más las explicaciones de todo. Es sumamente intuitivo y llevadero el curso. Este curso es el 1ro de una especialización que abarca 4 cursos donde ya ves más en detalle los despliegues con kubernetes"
2023-01-09 06:03:15,https://www.linkedin.com/feed/update/urn%3Ali%3Aactivity%3A7018022059632939008,"Nuen aporte laura, voy a tener en cuenta mi actividad en la plataforma para mejorar mi perfil"
2023-01-04 16:33:13,https://www.linkedin.com/feed/update/urn%3Ali%3Aactivity%3A7014547397829611520,Hola Marce me podrías pasar info sobre el puesto de soporte al cliente Help Desk. Tengo experiencia y podría encajar en el puesto
2023-01-03 22:12:17,https://www.linkedin.com/feed/update/urn%3Ali%3Aactivity%3A7014248594798985216,"Hola 👋  me interesa la asesoría porque deseo insertarse en el área de desarrollo e infraestructura, soy estudiante de la tecnicatura en programación de la UTN además de ser muy autodidacta con todo lo relacionado a servidores y servicios cloud"
2022-12-20 21:24:24,https://www.linkedin.com/feed/update/urn%3Ali%3Aactivity%3A7010703336815357953,"Excelente por donde se mire, hasta respetaron la cábala !! "
2022-11-06 17:56:30,https://www.linkedin.com/feed/update/urn%3Ali%3Aactivity%3A6993872655611228160,Interested
2022-08-08 01:02:43,https://www.linkedin.com/feed/update/urn%3Ali%3Aactivity%3A6961725774508769280,Si
2022-04-21 14:11:18,https://www.linkedin.com/feed/update/urn%3Ali%3Aactivity%3A6922906998300667906,Agustin Gomez Aranda david mercado 
2022-04-21 14:09:24,https://www.linkedin.com/feed/update/urn%3Ali%3Aactivity%3A6922619890860232704,david mercado Agustin Gomez Aranda 
2022-03-25 23:07:12,https://www.linkedin.com/feed/update/urn%3Ali%3Aactivity%3A6912804632016625665,"Cuando se vive en países con economías muy volátiles como mi querida Argentina, es indispensable ser cuidadoso al extremo en tema créditos y deudas. "
2022-03-21 12:56:13,https://www.linkedin.com/feed/update/urn%3Ali%3Aactivity%3A6907422828967395328,Es bueno y alentador para los que te tenemos como un referente del sector poder ver como has evolucionado y superado tus problemas de esa etapa ya que quizás tenemos problemas similares a los que tuviste en su momento. 
2022-03-21 00:59:16,https://www.linkedin.com/feed/update/urn%3Ali%3Aactivity%3A6911423155127361536,"Nose si es falta de amor propio o un ego muy alto al pensar que alguien que no conoce esta ansioso por responder su mensaje, mejor si te deja de seguir hay que alejar a la gente tóxica."
2022-02-16 20:51:37,https://www.linkedin.com/feed/update/urn%3Ali%3Aactivity%3A6899720612731060225,"Excelente de tomarse el tiempo de responder un mail, la verdad a mi me respondieron un solo mail diciendo que no iban a  seguir con el proceso y me pareció correcto, después otra persona en una entrevista me dijo que no era el perfil que buscaba y se tomó 10 minutos en explicar las tecnologías que buscan y que podía hacer para volver a aplicar y eso me habla de su calidad como persona. Ojalá  haya más gente que se tome el trabajo de al menos informarte que no te van a considerar para el puesto."
2022-02-10 06:29:16,https://www.linkedin.com/feed/update/urn%3Ali%3Aactivity%3A6897199128183480320,david mercado Agustin Gomez Aranda
2022-02-09 19:41:13,https://www.linkedin.com/feed/update/urn%3Ali%3Aactivity%3A6897211232839974912,"Pobre mi argentina, cada día es más difícil o imposible acceder a la gran mayoría de artículos tecnologicos"
2022-02-05 22:41:34,https://www.linkedin.com/feed/update/urn%3Ali%3Aactivity%3A6891822344768159744,"JR Developer Python - javascript, inglés B1"
2022-02-03 06:23:03,https://www.linkedin.com/feed/update/urn%3Ali%3AugcPost%3A6894683284669100032,"Totalmente de acuerdo. Hoy tuve la suerte de tener una entrevista y a pesar de no continuar el proceso el entrevistador me dio un muy buen feedback y me envió una ruta de aprendizaje para poder calificar mejor al puesto que estaban necesitando. Son pequeños detalles que la verdad te hacen una diferencia, podría haberme ido mal por no cumplir los requisitos para ese puesto pero en cambio me fui motivado a seguir estudiando y perfeccionando mis habilidades, se necesita gente así que apueste al talento joven no solo contratando sino dando un feedback sobre tu cv o dándote otra mirada sobre lo que estás haciendo"
