Organization,Followed On
Reyesoft,Sun Apr 23 00:41:11 UTC 2023
Amazon,Tue Apr 11 16:42:26 UTC 2023
Lic. Verónica De Rosa  Sr Recruiter IT,Fri Feb 03 11:15:31 UTC 2023
Essen,Thu Feb 02 11:47:41 UTC 2023
Partners Technology,Wed Feb 01 14:58:42 UTC 2023
Programadores Argentina,Mon Jan 30 01:20:35 UTC 2023
Empleos IT Argentina,Mon Jan 30 01:20:20 UTC 2023
"Ministerio de Trabajo, Empleo y Seguridad Social",Mon Jan 30 01:11:51 UTC 2023
Clúster Tecnológico Tucumán,Mon Jan 30 01:11:45 UTC 2023
Acciona IT,Thu Jan 26 19:00:02 UTC 2023
Synagro,Thu Jan 26 16:22:01 UTC 2023
RockinDev,Tue Jan 24 18:05:26 UTC 2023
ICBC Argentina,Tue Jan 24 18:00:02 UTC 2023
Seincomp Informática,Mon Jan 23 08:27:59 UTC 2023
JuMp Consultora,Mon Jan 23 07:24:38 UTC 2023
Grupo BGH,Mon Jan 23 07:09:11 UTC 2023
aeros,Mon Jan 23 07:09:04 UTC 2023
Improve Resources,Mon Jan 23 04:41:50 UTC 2023
CENSYS S.A.,Sun Jan 22 03:52:30 UTC 2023
InfOil,Fri Jan 20 09:14:47 UTC 2023
Asap Consulting S.A.,Fri Jan 20 07:42:30 UTC 2023
Coursera,Mon Jan 16 08:22:50 UTC 2023
Centro de Graduados de Ingeniería,Mon Jan 16 08:22:47 UTC 2023
Incubadora Desafío Latam,Sun Jan 15 11:49:05 UTC 2023
Micro Talent,Sun Jan 15 11:48:52 UTC 2023
RollingCode,Sun Jan 15 11:43:57 UTC 2023
Jobly,Sun Jan 15 11:29:31 UTC 2023
Despegar,Sun Jan 15 11:17:34 UTC 2023
Tata Consultancy Services,Sun Jan 15 11:15:35 UTC 2023
Cognizant,Sun Jan 15 11:15:29 UTC 2023
Edrans,Sun Jan 15 11:14:14 UTC 2023
BTR Consulting,Sun Jan 15 11:13:38 UTC 2023
AYIGROUP,Sun Jan 15 11:01:16 UTC 2023
Avalith,Sun Jan 15 11:01:03 UTC 2023
Rappi,Sat Jan 14 22:07:07 UTC 2023
Zurich Insurance,Sat Jan 14 22:06:15 UTC 2023
Telecentro,Sat Jan 14 22:05:44 UTC 2023
Movistar (Telefónica Hispam),Sat Jan 14 22:00:34 UTC 2023
IC Consultora de Recursos Humanos,Sat Jan 14 21:59:32 UTC 2023
PedidosYa,Sat Jan 14 21:58:09 UTC 2023
Banco Galicia,Sat Jan 14 21:56:19 UTC 2023
Cencosud S.A.,Sat Jan 14 21:53:04 UTC 2023
Almundo - CVC Argentina,Sun Jan 08 04:25:10 UTC 2023
Swiss Medical Group,Fri Jan 06 07:16:19 UTC 2023
Banco Supervielle,Fri Jan 06 07:16:17 UTC 2023
Cervecería y Maltería Quilmes,Fri Jan 06 07:16:16 UTC 2023
Grupo Arcor,Mon Jan 30 01:17:38 UTC 2023
Banco Patagonia,Fri Jan 06 07:14:41 UTC 2023
Claro Argentina,Fri Jan 06 06:46:06 UTC 2023
Prex,Thu Jan 05 18:27:50 UTC 2023
TIKTAL,Thu Jan 05 00:38:31 UTC 2023
BePartners,Tue Jan 03 22:08:52 UTC 2023
FirstJob,Mon Jan 02 21:44:30 UTC 2023
SYNAgro - Software Agropecuario ,Wed Dec 28 22:18:25 UTC 2022
Santander Argentina,Wed Dec 28 22:06:38 UTC 2022
Andreani Grupo Logístico,Wed Dec 28 22:06:28 UTC 2022
YPF SA,Wed Dec 28 22:06:00 UTC 2022
Flow Argentina,Wed Dec 28 22:05:42 UTC 2022
Personal Pay,Wed Dec 28 22:02:49 UTC 2022
Webstarted,Wed Dec 28 22:02:25 UTC 2022
GrowPro,Fri Dec 16 18:19:14 UTC 2022
Athens Language School,Sun Dec 11 16:27:02 UTC 2022
ANSES | Administración Nacional de la Seguridad Social,Sun Nov 27 19:56:32 UTC 2022
onTOP,Thu Nov 17 02:53:41 UTC 2022
IBM,Sun Nov 06 15:36:51 UTC 2022
PMG Meat Import,Wed Oct 26 15:28:01 UTC 2022
Pivotar Consultora de Recursos Humanos,Sat Oct 22 21:40:19 UTC 2022
Sistemas Activos SRL,Wed Oct 19 17:17:06 UTC 2022
Conecta Reclutamiento,Mon Sep 19 16:01:14 UTC 2022
Unilever,Mon Aug 29 23:51:15 UTC 2022
Practia Global,Tue Aug 09 20:27:11 UTC 2022
Lemon,Tue Aug 09 16:04:48 UTC 2022
Selection Academy,Mon Aug 08 13:30:09 UTC 2022
BBVA en Argentina,Fri Aug 05 13:34:29 UTC 2022
freeCodeCamp,Thu Jul 28 12:25:55 UTC 2022
Virtual Remote Partner,Wed Jul 20 12:28:33 UTC 2022
La Segunda Seguros CLSG,Wed Jul 13 01:26:05 UTC 2022
CONSTECOIN CIA. LTDA.,Thu May 26 16:35:26 UTC 2022
Fonte Soft,Tue May 24 20:00:56 UTC 2022
Google,Fri Apr 01 13:04:54 UTC 2022
Tsoft,Wed Mar 30 11:43:50 UTC 2022
Farmacity,Wed Mar 23 21:28:28 UTC 2022
GitHub,Wed Mar 23 21:28:26 UTC 2022
FrontendCafé,Wed Mar 23 21:28:24 UTC 2022
Telecom Argentina,Wed Mar 23 21:28:23 UTC 2022
Navent,Wed Mar 09 12:30:54 UTC 2022
Autónomo,Sun Feb 27 19:58:36 UTC 2022
CONEXIONHR - Recruiting Company,Fri Feb 25 18:58:02 UTC 2022
Bukeala,Mon Feb 14 19:06:48 UTC 2022
Cognit Labs,Sat Feb 12 06:41:20 UTC 2022
Globant,Wed Feb 09 06:20:16 UTC 2022
Santander Tecnología Argentina,Wed Feb 09 06:20:00 UTC 2022
Shalion,Mon Feb 07 21:31:23 UTC 2022
JavaScript Developer,Mon Feb 07 00:53:13 UTC 2022
Alkemy,Sun Feb 06 06:09:05 UTC 2022
Coderhouse,Sat Feb 05 20:40:50 UTC 2022
BB Media,Sat Feb 05 04:00:54 UTC 2022
Naranja X,Fri Feb 04 19:13:09 UTC 2022
Cámara Argentina Fintech,Thu Feb 03 07:04:13 UTC 2022
Scotti Corp,Thu Feb 03 05:53:48 UTC 2022
MUTT DATA,Tue Feb 01 20:20:24 UTC 2022
Coderio Software Company,Mon Jan 31 08:14:26 UTC 2022
Baufest,Mon Jan 31 08:14:17 UTC 2022
Ualá,Mon Jan 31 08:14:08 UTC 2022
Mercado Libre,Mon Jan 31 08:14:07 UTC 2022
Accenture Argentina,Mon Jan 31 08:14:05 UTC 2022
Atos,Mon Jan 31 08:13:13 UTC 2022
NTT DATA Services,Mon Jan 31 08:13:10 UTC 2022
Sin Jr No Hay Sr,Mon Jan 31 07:46:55 UTC 2022
NTT DATA,Mon Jan 31 06:47:04 UTC 2022
NTT DATA Europe & Latam,Sun Jan 30 21:06:17 UTC 2022
everis,Sun Jan 30 09:23:33 UTC 2022
UTN Facultad Regional San Rafael,Sat Jan 29 06:48:11 UTC 2022
Novakorp,Fri Jan 28 06:39:23 UTC 2022
ID for Ideas,Sun Jan 23 09:51:10 UTC 2022
Devsafio - Sin Juniors No Hay Seniors,Wed Jan 05 05:29:44 UTC 2022
IncluIT powered by Avenga,Tue Jan 04 15:17:00 UTC 2022
Platzi,Sat Dec 25 20:07:25 UTC 2021
Teleperformance,Wed Dec 22 06:11:56 UTC 2021