Notes:
"When exporting your connection data, you may notice that some of the email addresses are missing. You will only see email addresses for connections who have allowed their connections to see or download their email address using this setting https://www.linkedin.com/psettings/privacy/email. You can learn more here https://www.linkedin.com/help/linkedin/answer/261"

First Name,Last Name,Email Address,Company,Position,Connected On
Mayra anabel,Manzaneda,,Hunteando,Miembro,02 Jun 2023
Guido,Lescano,,High Flying Software,Desarrollador de .NET Part-Time,30 May 2023
Gonzalo,Araya,,Profesional independiente,Programador full stack Free lancer,29 May 2023
Nahuel Lautaro,Torres Loretto,,Henry,Desarrollador de software,24 May 2023
Jhoanny,Torres Ereu,,SYNAgro - Software Agropecuario,Gerente financiero y administrativo,21 May 2023
Natalia ,Caballero,,Talently,Business Development Agent,12 May 2023
Enzo,De Santi,,Telecom Argentina,Coordinador de ventas,09 May 2023
★ Jorge Luis,Niel,,SYNAgro - Software Agropecuario,Representante Comercial,04 May 2023
Anaclara,Rocha,,HR NET CONSULTING,Talent Acquistion Analyst,27 Apr 2023
Santiago,Mendoza,,Freelance (Self employed),Desarrollador web y Diseñador web Freelance,24 Apr 2023
Matias Orlando,Quispe Nina,,Prüne,Responsable de mantenimiento industrial,21 Apr 2023
Florencia Micaela,Oviedo,,Ascensores Argañaraz,Cadete,21 Apr 2023
Augusto,Britos,,Capgemini,Junior Developer,21 Apr 2023
Diego Raul,Di Stefano,,Consejo Provincial de Educación de Neuquén,Profesor de Educación Secundaria Técnica,20 Apr 2023
Fabricio,Fernandez,,SYNAgro - Software Agropecuario ,Responsable comercial,19 Apr 2023
Lucía Victoria,Castro,,,,17 Apr 2023
Florencia Elsie,Camona,,LaunchBoom,Desarrolladora Front End ,13 Apr 2023
Hector,Medina Medina,,UVEG,Gestión de Tecnologías de Información - Recién egresado.,02 Apr 2023
NEXTEVA,.,,Nexteva ,FTMT Co.,31 Mar 2023
Rosario,Pittaro,,RollingCode,Tutora FullStack,29 Mar 2023
Sabrina,Sastre,,scandiweb,QA Specialist,29 Mar 2023
Carlos Alejandro,Gimenez,,SYNAgro - Software Agropecuario ,Consultor técnico,28 Mar 2023
Dora,Seijas,,e.tres,Analista de Capacitación Tecnológica,26 Mar 2023
Alejandro,Molina,,SYNAgro - Software Agropecuario ,QC Tester Mobile & Web,23 Mar 2023
Alejandro,Vexler,,Diveria,Desarrollador de software,21 Mar 2023
Julio,Ardiles,,Strata Analytics Group,Co-founder & Managing Director,21 Mar 2023
Carolina,Manzano,,Strata Analytics Group,People Ops & Analytics Specialist,21 Mar 2023
Alfredo José,Salazar,,SYNAgro - Software Agropecuario,Consultor de gestión de procesos,21 Mar 2023
Maria Pia,Hurtado,,Parexel,Talent Acquisition Partner,18 Mar 2023
Eugenia,Fortini,,SYNAgro -Software Agropecuario ,Coordinadora de Desarrollo Organizacional en SYNAgro ,16 Mar 2023
Lucas,Casco,,GlobalTask,Analista de pruebas,16 Mar 2023
Rocio,Bevilacqua,,Jobandtalent,Recruiter Assistant,14 Mar 2023
Gonzalo,Caram,,VORTEX-IT,Full Stack Developer,13 Mar 2023
Leonardo Javier,Valdez,,,,12 Mar 2023
Marcela,Garcia Villagran,,XSi,IT Asset Disposition Service Sales,09 Mar 2023
Angel Ismaél,Quiles,,Profesional independiente,Gerente de Gestión y Vinculación Tecnológica,08 Mar 2023
Lucas,Contar,,Ministerio de educación de la Prov. de Tucumán,.Net Back End Developer,06 Mar 2023
,,,,,01 Mar 2023
Ezequiel Sharif,Benavidez,,,,24 Feb 2023
Cristian horacio,Breit,,Municipalidad de Juan Bautista Alberdi ,Ejecución de proyectos,21 Feb 2023
Noelia Giselle,Fernández,,,,16 Feb 2023
Ivana Abigail,Cajal Miragliotta,,Teleperformance,Report Analyst,15 Feb 2023
Carla,Frías,,BeatConnect,Programador full stack,08 Feb 2023
Florencia,Alegre Reynaga,,Profesional independiente,Data Analyst,06 Feb 2023
Agustina,Gonzalez,,ReliBeats,Desarrolladora web,05 Feb 2023
Bruno,Hidalgo Egocheaga,,Teleperformance,Bilingual Recruiting & Selection Analyst,03 Feb 2023
Nuria,Muñoz,,Nosis,Talent Acquisition Specialist,02 Feb 2023
Macarena,Rodriguez,,Coderhouse,Tutor programacion Backend,27 Jan 2023
Alejandro Nestor,Arcucci,,,,24 Jan 2023
Gonzalo,Cáceres,,Devsys,Full-stack Developer,22 Jan 2023
Mariano,Imhoff,,Glace,Dueño de franquicia,22 Jan 2023
Fabian,Peralta,,Fpsoft.com.ar,Freelance Fpsoft,22 Jan 2023
Julian,Silveira,,Sabre Corporation,Product Support Analyst I,16 Jan 2023
Luis Ariel,Ponce,,AZUCARERA LOS BALCANES S.A.,Intern,15 Jan 2023
Leonardo ,Beron,,,,14 Jan 2023
Fernando,Macias,,Teleperformance,Analista de Scheduling & Forecasting,14 Jan 2023
Agustina,Di Masi,,Boehringer Ingelheim,Regional Recruiter,12 Jan 2023
Brenda,Arias,,Asap Consulting S.A.,Analista de RR. HH.,12 Jan 2023
Ignacio,Rodrigo,,Boehringer Ingelheim,Senior IT Recruiter,12 Jan 2023
Melany,Wolberg,,Asap Consulting S.A.,Talent Management Coordinator,11 Jan 2023
Leandro,Alfaro,,Persiscal Consulting,RPA Developer,11 Jan 2023
Denisse,Landau,,UKG,Software Engineer Intern,11 Jan 2023
Jaquelina Vanesa,Talavera,,Profesional independiente,Front End Developer ,11 Jan 2023
Magalí,Frete,,MOOVA,CX Analyst,11 Jan 2023
Gabriel,Hernando,,INDUSTRIAS FRIGORIFICAS RECREO S.A.I.C.,Merchandise-specialiste,11 Jan 2023
Emilse,Bravo,,Sovos,Customer Success Advisor,10 Jan 2023
Laia,Domenech,,Teleperformance,Account Strategist | Google Ads,10 Jan 2023
Cecilia,Finale,,Dichi Consultores,Recruiter IT,09 Jan 2023
Marines,Diaz,,Randstad Argentina,Tech Sourcer Sr - IT Hunter,08 Jan 2023
Daiana,Sosa,,Voolkia Software & Services,Recruiter IT - Talent Adquisition,07 Jan 2023
Laura,Ledesma ,,Consultora Victoria de la Encina,Socia por Proyectos,05 Jan 2023
DIEGO HERNAN,SUAREZ,,,,04 Jan 2023
Douglas,San Antón Bianchi,douglassananton@hotmail.com,Coderhouse,Tutor,03 Jan 2023
Enzo,Castro,,Elevate Teams,Auxiliar administrativo,02 Jan 2023
Alexander,C. Ruiz,,RRHH Analytics | Perú,Recruiter IT Junior |Freelancer,22 Dec 2022
Carlos Fabian,Acosta Hernandez,,GAOTek Inc.,Software Development Intern,20 Dec 2022
Jose,Ruiz,,Mecavolt,Ayudante de metalúrgica ,19 Dec 2022
Leonardo,Humpire Jáuregui,,INSTITUTO DE INFORMATICA DE LA UNSA,Informática,19 Dec 2022
Flavia,Di Natale,,KeyGo. Gestión de Talento IT.,Recluting,15 Dec 2022
Mauricio Raúl,Gonzalez,,Telecom Argentina,Ethical hacking - Pentester Ssr,15 Dec 2022
Veronica,Gonzalez,,Profesional independiente,Reclutadora IT Freelance,15 Dec 2022
Ariel,Betancud,,Utnfrsr,Profesor de Tecnicatura en Programación,13 Dec 2022
Aillen,Gonzalez,,Teleperformance,Analista de calidad,13 Dec 2022
Luis Angel,Arvelo,,Rocket Revenue,Software Engineer,13 Dec 2022
Cristian,Quesada,,Teleperformance,Servicio de atención al cliente,09 Dec 2022
Esteban,Olea,,,,09 Dec 2022
Penelope,Sanders,,,,09 Dec 2022
Gianfranco,Ghiano,,Penta Security Solutions,QA Tester,09 Dec 2022
Rafael,Bravo Antolín,,ORKLI GROUP,R&D Manager en Comfort Business en ORKLI GROUP,09 Dec 2022
Akash,Khokhar,,XtracIT Inc,Recruitment ,09 Dec 2022
Josefina,Figueroa,,Profesional independiente,Psicóloga,05 Dec 2022
Bárbara,Alvarez,,Working HR,Technical Recruiter,05 Dec 2022
Facundo,López,,REFINOR S.A.,Personal de operaciones,05 Dec 2022
Noelia,Cossio,,martina paz,Servicio de atención al cliente,03 Dec 2022
Juan Marcelo,Bejarano,,Universidad Nacional de Quilmes,Estudiante de Tecnicatura Universitaria en Programación y Licenciatura en Informática.,01 Dec 2022
Derlis,Ruben,,Red de Empleos Internacional,Ventas online,01 Dec 2022
Gamaliel,Lopez Pena,,Pro wash,Propietario,01 Dec 2022
Jessica,Rengifo,,Soutec LATAM,Project Coordinator ,01 Dec 2022
Matías Nicolas,Cerutti,,VATES - Software,Analista Funcional  - Cliente: Banco de la provincia de Cordoba,01 Dec 2022
,,,,,01 Dec 2022
Marina,Pedernera,,,,01 Dec 2022
Santiago,Bergerat,,Reyesoft,Soporte al cliente en Reyesoft,25 Nov 2022
Josefina,Marcantonio,,MARC-IBER,Professional Recruiter,25 Nov 2022
Sebastian,Esperanza,,Salud y Gestion SA,Gerente,23 Nov 2022
Matias Ragueb,Ketlun,,FX Informática,Analista Funcional Trainee,23 Nov 2022
Stefania,Arango Palomino,,Profesional independiente,Desarrollador de Python,21 Nov 2022
Araceli,Villalpando,araceli6ag@hotmail.com,CAME – Centro de Apoyo al Microempresario,Coordinadora de Factor Humano ,19 Nov 2022
,,,,,17 Nov 2022
Agustín,Delgado Velardez,,,,15 Nov 2022
Alianys,Sabines,,onTOP,Community Manager,13 Nov 2022
Lautaro Nahuel,Ibarra,,Nybble Group,Help Desk Assistant,08 Nov 2022
Katrina ,Moller,,Canada Jobs | Canada PR | Canada Express Entry,Recruiter,06 Nov 2022
,,,,,03 Nov 2022
Sofia ,Indovino,,Agenddo,IT Recruiter,03 Nov 2022
Franklim,Duran,,Antares Cerveza Artesanal,encargado ,01 Nov 2022
Nicolás,Azaña,,Teleperformance,Assistant Contact Center Manager ,28 Oct 2022
Leonela,Reyes,,soyleonelareyes social media.,Community Manager social,27 Oct 2022
Benjamin,Falcon,,Teleperformance,Representante del servicio de atención al cliente,26 Oct 2022
,,,,,26 Oct 2022
Lourdes María,Grau,,Instituto Modelo Interdisciplinario,Psicóloga,25 Oct 2022
,,,,,22 Oct 2022
,,,,,20 Oct 2022
Jared,Gonzalez Hermosilla,,Urupago,Analista de soporte de operaciones,20 Oct 2022
Sai Vamshi,Jangiti,,Google Operations Center,Staffing Specialist,19 Oct 2022
Rossina,Luna,minimilagro@outlook.com,Trabajo de Arqui,Vendedora,19 Oct 2022
Tomas,Navarro,,Transporte y Servicios Sawczuck SA,Logística y Administración,19 Oct 2022
Franco Andres,Ferro,,Border,Especialista en ventas,19 Oct 2022
Alejandro,Telmo,,,,19 Oct 2022
Alejo,Marcó,,Recursos Informaticos SRL,Analista programador,19 Oct 2022
Bettina Mariel,Galli,,India Vestiment,"Atención al cliente, manejo de caja (efectivo y tarjetas), control de stock, tareas de depósito",11 Oct 2022
,,,,,02 Oct 2022
Lucas,Sansberro,,ASJ Servicios,Desarrollador full stack,30 Sep 2022
,,,,,29 Sep 2022
Maria Silvia,Benitez,,Top Talent Global,Founder - Headhunter,28 Sep 2022
Fernando,Valdés Rojas,,Liola / Patt,Head Ecommerce,28 Sep 2022
Nicolás,Montesano,,,,28 Sep 2022
Esteban,Icazatti De Bellis,,Banco Supervielle,Especialista en ventas,28 Sep 2022
Juan Gustavo,Corvalán,,UBA IALAB,Director,28 Sep 2022
Cecilia G.,Veliz,,BTR Consulting,Human Resources Business Partner HRBP / Talent Acquisition ,24 Sep 2022
Javier,Montenegro,,KrugerLabs,Developer JR,24 Sep 2022
Rosario,La Castellana,,sicherheit,wach man,24 Sep 2022
Carlos,Marquez,,Teleperformance,Bilingual Client Operations Representative,24 Sep 2022
Abigail,Morgado,,Silent4Business,ANALISTA DE GESTIÓN DE TALENTO SR. ,21 Sep 2022
Dara Quimey,Villalba,,Deucalion ,Servicio de atención al cliente,21 Sep 2022
Liz,Liu ,,"Wuhan Lizyog Sports Co.,Ltd",Sales Manager,19 Sep 2022
Sheli,Kachman,,The consulate of Kyrgyzstan,consul's assistant,19 Sep 2022
Rocio ,Valenzuela Guardia ,,Conecta Reclutamiento,Consultora en Recursos Humanos/ Headhunter ,17 Sep 2022
Guillermo,Calvo,,Bertolaccini SA,Analista Programador,17 Sep 2022
Delfina,Paz Zavalía,,Estudio de Arquitectura Ana Bisdorff,Pasante,17 Sep 2022
David,Lezama,,Proficient,Frontend Web Developer,17 Sep 2022
Franco Sebastian,Giuliano,,Quantux Salud,Full Stack Developer,17 Sep 2022
Diana,Molina,,Visible Outsource,Analista de RR. HH.,14 Sep 2022
Jeanette,Stranieri,,CompreSeguros.com,Asesora de seguros,14 Sep 2022
Rebeca,Torres,,,,14 Sep 2022
Melany,Marques,,Webstarted,IT Recruiting Manager,14 Sep 2022
Sebastián,Calabró,,Investigaciones Clinicas y Epidemiológicas SRL,Soporte administrativo,14 Sep 2022
Max,Hernandez,,goLance,Head of Talent Sourcing ,09 Sep 2022
Bruno,David,,Depsys Informática - Liberasoft,Angular Developer,08 Sep 2022
Mateo,Catalano,,Universidad Nacional de Tres de Febrero,Tutor en la Diplomatura en Desarrollo Backend,08 Sep 2022
Aldri,Mar Sill,,VMA Worldwide Human Resources,Talent Acquisition Analyst,08 Sep 2022
Lucas,Varela ,,Sistemas Plenario,Desarrollador,08 Sep 2022
Luis Alberto,Garcia,,Autónomo,Agente inmobiliario,07 Sep 2022
Lingua Universi,Argentina,,Lingua Universi,"Enseñaza de idiomas In-Company y Particular, de forma presencial y online.",07 Sep 2022
Alberto,Puet,,Autónomo,Desarrollador de front-end,06 Sep 2022
Carla,Bravo,,3IT  ,Reclutador TI,05 Sep 2022
Romina ,Acevedo ,rominaace@hotmail.com,Consultora Pablo Baron,Desarrollador de front-end,05 Sep 2022
Diego,pizarro,,Henry,Desarrollador web,05 Sep 2022
Daniela,Chavez,,MOBIUS GROUP,Quality Assurance,05 Sep 2022
Noelia Sneda,Galvan,,Henry,Full Stack Developer / Teaching Assistant,05 Sep 2022
Mariela,Bauer,,IAE Business School,People Manager & Executive Team Member ,05 Sep 2022
Jhonatan,Melo,jhonatan29708351@gmail.com,iHunt,Captador de Talentos,04 Sep 2022
Agustin,Sbernini,,GlobalNews Group,Desarrollador de software .NET,04 Sep 2022
Fernando,Pascual,,Henry,Full-Stack Teaching Assistant // Asistente de enseñanza Full-Stack,04 Sep 2022
Victoria,Villegas,,PwC Acceleration Centers,Assurance Associate,01 Sep 2022
Juan Francisco,Castelli Viollaz,,InDataBiz,Desarrollador de software,01 Sep 2022
Camila,Bencid,,Autónomo,Selectora de personal,31 Aug 2022
María Julia,Erdocia,,Wirsolut,Analista comercial,31 Aug 2022
Camila,Oyene,,,,31 Aug 2022
Raquel ,Ramos Gaona,,Autónomo,apoyo escolar,30 Aug 2022
Santiago,Dichiera,,OCASA,Agile Coach – Product Manager / Scrum Master – Full Stack Engineer,29 Aug 2022
Alexander,Mendoza,,U.E.C Eulalia Sánchez Ramos de Chamberlain,Director de TIC,29 Aug 2022
Francisco,Pulido,,No Country,Back End Developer,29 Aug 2022
GONZALO FEDERICO,GARCIA,gonzalo-g@hotmail.com,Consultorio Privado,lic psicologia,26 Aug 2022
Juan Carlos,Maldonado. MD,,Superintendencia de Riesgos del Trabajo (MTESS),Medico TITULAR CCMM,26 Aug 2022
Patricia,Castillo,,soyhenry,Full-stack Developer,26 Aug 2022
Alejandro,García,,Whitestack,Product Tech Lead,25 Aug 2022
Steven,Castro,,IRAI France,Partenaire IRAI ,24 Aug 2022
Mélanie,Quiróz,,Global Solutions GS+,Analista de RR. HH.,24 Aug 2022
Martín,Ojeda,martinignacioojeda@gmail.com,Henry,[Academico] Frontend Developer,24 Aug 2022
José Alfredo,Velázquez Juárez,,CentrumTransgenia,Desarrollador full stack,24 Aug 2022
Portal ,TIC,,Portal TIC,Propietario,24 Aug 2022
,,,,,24 Aug 2022
Nelly Delind,Bellido Sulca,,Mandomedio ,Analista de Reclutamiento,23 Aug 2022
Facundo,Suarez,,Autónomo,desarrollador/programador,23 Aug 2022
,,,,,23 Aug 2022
Monica,Lopez,,Evoltis,Talent Acquisition  & Development Process Leader,23 Aug 2022
Diego Antonio,Perozo Troncone,,Argotec Ingeniería,Programador full stack,22 Aug 2022
Mauro,Spadafino 🕵🏻🐞,mdspadafino@gmail.com,Asociación Gremial de Computación de la República Argentina,Software QA Analyst,22 Aug 2022
Ruben Dario,Jaimez,,Universidad Tecnológica Nacional Facultad Regional Tucumán - Secretaria de Extensión y Vinculación T,Responsable de gestión de proyectos,22 Aug 2022
Nicolas,Asef,,IT Procesos group,Desarrollador full stack,20 Aug 2022
Pablo Javier,Morrone,,FARMACÍA SAN MARTÍN,Analista de datos- Analista funcional ,18 Aug 2022
Gabriela,Tinto,,Facultad de Ciencias Naturales y Museo,Docente a cargo Curso Medicina Legal y Patologia Forense en Curso postgrado UNLP Ciencias Forenses,16 Aug 2022
Gabriel,Cuello,,Biwares,Desarrollador full stack,16 Aug 2022
Fernando Oscar,Martínez Corti,,Consultoría en Medicina Legal Dr. Martínez Corti Fernando,"Perito Médico de Parte, especialista en Medicina Legal y Ginecología",16 Aug 2022
Tomás,Castillo,,Wippie,Desarrollador Java,16 Aug 2022
Naum,Alperovich,,AG Naum,Dueño principal,15 Aug 2022
Oscar Hugo,Contreras Cabrera,,Ironservis,Asesoría y Consultoria en Marketing y Gestión de Negocios Online y Físico.,15 Aug 2022
Frank,Fobello,,Contactel,Analista de sistemas,15 Aug 2022
Caleb Temba,Isiche,,NEWSTAR DRAMA GROUP,DIRECTOR,15 Aug 2022
Gaston,Sanchez,,STARTEK,Servicio de atención al cliente,15 Aug 2022
,,,,,15 Aug 2022
Torres,Zamora,,Torres Zamora Consultores,Gerente general,15 Aug 2022
Leila,Flores,,chattigo,Sales Development Representative,12 Aug 2022
Serena,Peiti,,Convit Ticino GmbH,Sales advisor ,12 Aug 2022
OSCAR MANUEL,TORRIJOS SANCHEZ,,HEXAGON,Sales Mexico SAP,12 Aug 2022
Analia,Paez,,,,10 Aug 2022
Jeronimo,Lago,,Santander Tecnología Argentina,Trainee Software Engineer,10 Aug 2022
Mariela Carolina,Genaro,,Tu  Mejor Psico Online, Community Manager  - Co-Fundadora,10 Aug 2022
Melisa ,Yafar,,Team Quality Corp,QA Analyst,09 Aug 2022
Valentino,Ghitti,,El Chonchón,Desarrollador de front-end,09 Aug 2022
Gabriela,Tarditti,,Freelance,Psicóloga,09 Aug 2022
María Belén,Reyes,,BBVA en Argentina,Talent Acquisition,09 Aug 2022
Diego Gabriel,Fernández,,JBKnowledge,Frontend Developer,08 Aug 2022
Ezequiel,Cuellar,,Taligent - Business Analytics,Consultor BI Semi-Senior,08 Aug 2022
Lautaro,Sakihara,,PwC Argentina,QA Tester,08 Aug 2022
AMANDA,XIA,,南京越迈户外用品有限公司,外贸业务,08 Aug 2022
Federico,Dib,dibfede@gmail.com,Desol,Conversational AI Developer,08 Aug 2022
endless,exp,,Pro Designer,"fiverr,upwork",08 Aug 2022
Belén ,Sanchez,,Star Search Consulting,IT Recruiting Consultant,08 Aug 2022
Ivana Valeria,Barrios Marchan,,Tsoft,QA Analyst Ssr,08 Aug 2022
Diane Roessler Weinert ,Republican ,,"Portfolio Consulting, LLC",Account Executive,06 Aug 2022
Ivan,Fernandez,,Megatrans,Chief Information Officer,05 Aug 2022
Ivan Agustín,Bongiovanni,,Lubricantes y Aditivos Bardahl S.A.,Desarrollador de front-end,05 Aug 2022
Elias,Olguin,,Newsan,Programador full stack,05 Aug 2022
Desirée,Rodríguez Prida,,Neverland Argentina,Analista de capacitación y desarrollo,04 Aug 2022
Fernando,Andres,,Municipalidad de San Carlos de Bariloche,Analista de recursos humanos,04 Aug 2022
Jesús,Palma,,,,04 Aug 2022
Gastón,Medina,,Comparaencasa.com,Full Stack Developer,04 Aug 2022
Fernando,Llanes Paz,,CENSYS S.A.,QC Analyst,03 Aug 2022
Gabriel Daniel,Volpi,,Suprema Corte de Justicia de la Nación,Soporte Technical & Python Developer,03 Aug 2022
Nicolas,Gomez,,COREBI Data & Analytics,Data Engineer Jr,02 Aug 2022
Emiliano,Acevedo,,Profesional independiente,Jefe de equipo de desarrollo,02 Aug 2022
Roberto Emir,Albarracin,,CENSYS S.A.,React Native Developer,02 Aug 2022
José,Jimenez,,,,02 Aug 2022
Carla Elisabeth,González,,Grupo Palmero,Servicio de atención al cliente,02 Aug 2022
Romina,Mendez,,Conmega ACE,Analista desarrollador | Angular | .NET,02 Aug 2022
Julian David,Murcani,,COTO,Angular Developer,02 Aug 2022
Alejandro,Busi,,RollingCode School,React Developer,02 Aug 2022
Marina,du Plessis,,Noanet,Analista de aseguramiento de la calidad de software,02 Aug 2022
Anahí,Fornes,,Prex,Encargada Customer Support Argentina,02 Aug 2022
CARLA PAOLA,VERA ALBORNOZ,cpva1987@gmail.com,Zenta Group,Talent Recruiter Global,02 Aug 2022
María Belén ,Ruiz ,,Caja Popular de Ahorros de Tucumán,Tester Jr,02 Aug 2022
Jeremías,Labella,,,,02 Aug 2022
Dario E.,Cardozo,,Transportes EDAR S.A.,Departamento comercial,02 Aug 2022
Ricardo Evaristo,González Checa,,JBKnowledge,Software Developer,02 Aug 2022
Federico ,Bayerque,,,,02 Aug 2022
Julieta,Aro,,Ualá,QA Tech Lead,02 Aug 2022
Andres,Perlo,,RollingCode,Mentor,02 Aug 2022
Antonella,Mercado,,Globant,Test Automation Engineer,02 Aug 2022
Ivan,Gabriel Leguiza,,,,02 Aug 2022
Daniel,Mamani,,,,02 Aug 2022
Mauro Exequiel,Gonzalez,,Teleperformance,Agente de atención telefónica,02 Aug 2022
Guido,D'Arpino,,Datalytics,Data Engineer,02 Aug 2022
Emilse,Campanelli,,Cultura IT,Software Developer,02 Aug 2022
Gabriel,Ayala Gimenez,,OCASA,Operario de Deposito,02 Aug 2022
Leandro,Casco,,,,31 Jul 2022
Luciano,Colin,,,,31 Jul 2022
Micaela,Zaragoza,,Oxigent Technologies,Talent Consultant,30 Jul 2022
Carolina,Ferrari,carolinaferrari015@hotmail.com,Particular,Profesora particular de secundaria y universitaria,30 Jul 2022
Jorge Ivan,Peralta Andrada,,Roy Sports ,Propietario,30 Jul 2022
Gabriel,Carreras,,PRIUX SRL,Responsable de proyectos de sistemas,29 Jul 2022
Sanddy Angie,Quispe Flores,,,,29 Jul 2022
Martin,Beltramino,,ICBC Argentina,Analista de Canales Centrales - Outsourcing,29 Jul 2022
Darío,Barboso,,Banco AMUS,Programador full stack Ssr,28 Jul 2022
Maru,Oterino,,"Consultora Abbate y Asociados, RR HH para Empresas",Psicólogo,28 Jul 2022
Marina,H,,Bali Staffing,Senior IT Recruiter,28 Jul 2022
Héctor,Cortez,,La Quinta Alfajores,Servicio de atención al cliente,28 Jul 2022
Mercedes,Marigliano,,We Celebrate,Community Manager,28 Jul 2022
Martín,Toro,,,,28 Jul 2022
Santiago,Centurión,,,,28 Jul 2022
Micaela,Zamorano,,Quales Group,Sr. Data Engineer,28 Jul 2022
Erika,Ramos,,Atento en Argentina,Soporte Técnico ,28 Jul 2022
Candela I.,Neil,,Municipalidad de Trenque Lauquen,Coordinadora en Polo Científico Tecnológico,28 Jul 2022
Abel ,Cipriano,,Teleperformance,Técnico de soporte a usuarios,28 Jul 2022
Axel Mariano,Torres,,Contactom/telecentro,Especialista en soporte técnico,28 Jul 2022
Giuliana Ayelén,Giménez,,Asap Consulting S.A.,Frontend Web Developer,28 Jul 2022
Claudio,Landa,,Mds soft solution,Jefe de desarrollo,28 Jul 2022
Analía,Sena,,"Centro Barrial "" Vientos de Libertad- Malvinas Argentinas-",Psicóloga,28 Jul 2022
Jose Emiliano,Ozore,joseemilianoozore@gmail.com,freelance,Software Tester,28 Jul 2022
Jesus,Pinzon,,Secretaría de Innovación y Transformación Digital ,Analista QA,28 Jul 2022
Augusto,Orso,,Axoft,Programador Ssr,28 Jul 2022
Sandra Mariana,Salina,,,,28 Jul 2022
Matias,Acosta,,Gobierno de la provincia de Chaco,Full-stack Developer,28 Jul 2022
Maria Fernanda,La Giglia,,Aula Taller Capacitaciones,Digital Knowledge Developer and E-learning Instructor,28 Jul 2022
David Arnaldo,Di Primio,,EDET S.A.,Supervisor de Calidad de Servicio,27 Jul 2022
Yamila Belen,Lair,,"Disruptive Studio, Inc",Desarrollador de front-end,27 Jul 2022
Valentina,Bihurriet,,GMG BALANCEADOS,Servicio de atención al cliente,27 Jul 2022
Maximiliano,Gil Herrera,,Applaudo,Node Developer,26 Jul 2022
Alejo,Casal,,MODO,CX Expert en MODO,26 Jul 2022
Santiago,Albarracin,,Telecom Argentina,Data Engineer,26 Jul 2022
Pablo,Castro,,Hay tabla,Servicio de atención al cliente,26 Jul 2022
ANTONY ALDO,SEGURA GUERRA,,Programa Nacional Cuna Más,Técnico informático,26 Jul 2022
Impresión,Digital SRL,,IMPRESION DIGITAL SRL,Empresa de Imprenta Digital,26 Jul 2022
Cristian,Carvajal,,Noanet,Team Leader CC,26 Jul 2022
David,Veliz,,Teleperformance,Operador telefónico,25 Jul 2022
Lucia,Bourel,,Blu Beem,Recruitment Manager,22 Jul 2022
Jorge L.,Sanchez Solis,,CUANTICA GROUP,Soporte técnico,22 Jul 2022
Araceli,Pedraza Arroyo,,Teleperformance,Agente Atención al Cliente,22 Jul 2022
Nilo M,Abrigato,,Autónomo,Diseñador de páginas web,21 Jul 2022
Luis Daniel,Arciniegas Barco,,Teleperformance,Agente BPO,21 Jul 2022
Marco,Sanchez,,Panificación Albertus,Empleado de ventas,21 Jul 2022
Nicolas,Tarulli,,Musimundo,Programador full stack,21 Jul 2022
Adrian Gonzalo,Roggiero,,,,21 Jul 2022
Agustina,Ferrari,,Accenture Argentina,IT Customer Service Representative,20 Jul 2022
Jose Antonio,Sanchez,,Profesional independiente,Diseñador de páginas web,20 Jul 2022
Borja,Crescia,,Santander Argentina,Representante de Servicios a Clientes,20 Jul 2022
Nicolás Esteban,Gimeno Courel,,Coderhouse,Tutor testing QA manual,20 Jul 2022
Valentina,Torres,,Lemon Cash,CX Content & Quality Analyst,20 Jul 2022
Lautaro Gonzalo,Román,,Ualá,Team Leader CX,20 Jul 2022
Pamela,Londero,,Moviclaro,Full-stack Developer,20 Jul 2022
Francisco Jose,Nanoia,,Swissport,IT Support Specialist,20 Jul 2022
Jesica,Maraia,,Teleperformance,Analista de calidad,20 Jul 2022
William,Salas Bolaño,,Henry,Full-Stack Teaching Assistant,20 Jul 2022
Nicolas,Palermo,,Adava,Deep Learning Engineer,20 Jul 2022
Camila,López,,,,20 Jul 2022
Jennifer,Santa cruz,,Teleperformance,Contact Center Manager,20 Jul 2022
Sabrina Belén ,Escobar ,,Teleperformance,Empleada de Back Office,20 Jul 2022
Matias,Bonilla,,Autónomo,FullStack Developer ,20 Jul 2022
Maximiliano,Cabral,,Apex America,Especialista en microinformática,20 Jul 2022
Damian,Coronel,,,,20 Jul 2022
Leandro,Carlino,,MobyDigital,Desarrollador de front-end,20 Jul 2022
Federico,Nickler,,Flybondi,Operador de rampa y Señalero Aerodromo,20 Jul 2022
Emiliano,Di Campli,,EMSER,Software Developer,20 Jul 2022
Augusto,Lopez,,Wunderman Thompson Argentina,QA Analyst,20 Jul 2022
Aldo Gustavo,Viollaz,,IITA - Instituto de Innovación y Tecnología Aplicada,Director general ejecutivo,19 Jul 2022
Francisco Javier,Pijuan,,Marvik,Data Scientist,19 Jul 2022
Valeria,Aguirre,,GTRADER.ME,Representante del servicio de atención al cliente,19 Jul 2022
Sol,Sáez López,,Puig,Asistencia a ventas,19 Jul 2022
Catalina,Gazitua Roca,,GAVMA Tecnología ,Community Manager,19 Jul 2022
Fernando Ariel,Gattari,,Distribuidora BASA S.R.L.,Empleado Administrativo Contable,19 Jul 2022
Vanessa ,Dall'Ara,,Profesional independiente,Diseñadora UX UI freelance ,18 Jul 2022
Roy,Cerdas,,Teleperformance,HR Coordinator,18 Jul 2022
Victoria,Vega Saez,,Autónomo,Freelance,18 Jul 2022
Leonel,Herrera,,MINISTERIO DE EDUCACION DE TUCUMAN,Pasante,18 Jul 2022
Mario Augusto,Conti,,Dexteel,Frontend Engineer,18 Jul 2022
Edgardo,Chiuchiolo,,Suizo Argentina,Desarrollador full stack,18 Jul 2022
Adriana,Aguilera,,IncluIT powered by Avenga,QA Analyst,18 Jul 2022
Daniel,Garcia,,Universidad de Palermo,Coordinador del Departamento de Alumnos,18 Jul 2022
Shubhang,Misra,,Dyson,National Head Retail Sales / SOP Operations / Training,18 Jul 2022
Mauro,Currao,,Profesional independiente,Emprendedor independiente,16 Jul 2022
Nicolas,Chaves,chavesnicolas32@gmail.com,Henry,Desarrollador de back-end,16 Jul 2022
Ruben,Torres,,Impacto Talent,Reclutador,16 Jul 2022
Sofia,Soria,,Startek,Representante del servicio de atención al cliente,16 Jul 2022
Leonardo,Cañiza Peralta,,CAT Technologies Argentina,Gestor telefonico de cobranzas,15 Jul 2022
Frank,Chávez,,Cinetic - Sistemas Web Cinetic S.L,Desarrollador Prestashop,15 Jul 2022
Ivan,Cari,,Nubiral,IT Trainee,14 Jul 2022
Ramiro,Varas,,,,14 Jul 2022
Cristobal,Sandoval,,ITGlobers,Frontend Developer,13 Jul 2022
Rodrigo,Sosa,,Lab9 Agencia Digital,Desarrollador de front-end,13 Jul 2022
Franco,Sanchez,,SmartFran,Soporte de software,13 Jul 2022
Esteban Ariel,Amaya,,BBK+2Brains,QA Automation,13 Jul 2022
Debra Catherine,Fabbri Lobos,,Automóviles San Jorge ,Backend API - Python ,13 Jul 2022
Alejandro Danel,Velasquez,,UPEX,Quality Assurance Analyst,13 Jul 2022
Andrea,Bellver García,,,,13 Jul 2022
Martin,Gramajo,,DKZ studio,Dev frontend - freelance ,13 Jul 2022
Juan Manuel,Giacometto,,Deux IT Company,QA Tester,13 Jul 2022
,,,,,13 Jul 2022
Edwin,Pajuelo,,INDEP,Desarrolladora de back-end,13 Jul 2022
Ivan Raul,Deagustini ,,Freelance (Self employed),Desarrollador de front-end,13 Jul 2022
Ulises,Chustek,,Centro Integral de Reumatologia,Data Entry,13 Jul 2022
Pablo,Barrios,,Damian Edgardo Ducre,Asesor de ventas comerciales,13 Jul 2022
Facundo,D'alessio,,Alkemy,Desarrollador Java,13 Jul 2022
Ambar,Hernandez,,,,13 Jul 2022
Facundo,Rojo,,Global Solutions GS+,GTR Gestor en Tiempo Real ,13 Jul 2022
Bryan David,Castañeda Aranzales,,Escalab | Developers on Demand,Desarrollador front-end ,13 Jul 2022
Melissa Daiana,Aime,,escuela de educacion secundaria,profesora de matemáticas,13 Jul 2022
Raúl,Morales,,,,13 Jul 2022
Maria Eugenia,Mirenda,,Coderhouse,Tutor,12 Jul 2022
Emanuel,Barboza,,nuntius IT,Scrum Master,12 Jul 2022
Nicolas,Quispe,,Garbarino S.A.,Operario,12 Jul 2022
Alejandro Eduardo Adrian,Laporte,,PlatformX Solutions,Agile Coach - Scrum Master,12 Jul 2022
Marcos,Rodrìguez Arenas,,Tata Consultancy Services,Quality Assurance Analyst,08 Jul 2022
,,,,,07 Jul 2022
Bettina,Esteban Dávalos (She/Her/Ella),,Sympli - White House Design Company Inc.,Warehouse Associate,07 Jul 2022
Caroline,de Souza Viana,,MTI Selling ,Sales Development Representative,06 Jul 2022
Lucas,Ruiz,,Accenture Argentina,HR Service Delivery Associate - ABM Analytics & Improvement ,05 Jul 2022
Virginia,Moine,,Swiss Medical Group,Ejecutiva del servicio de atención al cliente,05 Jul 2022
Jacques,Lew,,ITR,Jr. Back End Developer,04 Jul 2022
Andres Sergio,Peñaloza,,Arsec,Responsable de seguridad,03 Jul 2022
Horacio,Rodriguez,,Aulab España,Tutor de programación,03 Jul 2022
,,,,,02 Jul 2022
MARIA FERNANDA,AMARAL GOMEZ,,Human Phi,Técnico administrativo,02 Jul 2022
,,,,,30 Jun 2022
Ivan,Velazquez,,Novaris Security,Fundador y CEO ,30 Jun 2022
Jorge ,Sosa,,Hotel Dora,Director de hostelería,30 Jun 2022
Lourdes,Marchionini,,Gestión IT S.R.L,Analista de RR. HH.,30 Jun 2022
Candela,Narvaez,,Autónomo,Psicóloga,28 Jun 2022
María Agostina,Frixione,,Adopt.Me,Co-Founder,28 Jun 2022
Paloma,Barrientos Donoso,,Valle Nevado,Analista de selección de personal,28 Jun 2022
Lucas,Gallo,,MVS,Pintor - Metalúrgico,28 Jun 2022
Rocío,Ruiz,,Cerro Cloud,Head of Recruitment,27 Jun 2022
Jose,Torres Calzadilla,,Joblibt,CTO ,27 Jun 2022
,,,,,27 Jun 2022
Fernando,Pineda,,Senado de la Nación Argentina,Direccion General de Recursos Humanos ,27 Jun 2022
Jhonnella de los Angeles,Tellería,,,Freelance,27 Jun 2022
Tito,Picón,,Baufest,LATAM Capacity Manager ,27 Jun 2022
Marina Luz,Arenaza,,Freelance,IT Sourcer | IT Recruiter,27 Jun 2022
Mark Sammis,Solveres Founder And Chairman,,Solveres Marketplace Solutions,Solveres Founder & Chairman,24 Jun 2022
javier,brizuela almaguer,,Privado,Emprendedor,24 Jun 2022
,,,,,22 Jun 2022
Jeampierr,Jiménez Chero,,ARBITEXTIL,Supervisor de producción,21 Jun 2022
Victoria,de Antueno,,Teleperformance,Representante del servicio de atención al cliente,21 Jun 2022
Verónica,De Rosa,veronica.derosa@gmail.com,CDA Informática,IT Recruiter Sr,21 Jun 2022
,,,,,20 Jun 2022
Gastón,Danielsen,,CiatWare,Full-stack Developer,20 Jun 2022
Alexis Leonardo,Mena,,Henry,[Académica] Full Stack Developer,20 Jun 2022
,,,,,16 Jun 2022
Andrea,Fanelli,,PUERINO RRHH,Reclutamiento y selección ,16 Jun 2022
Santiago,Aragon,,Epidata,Desarrollador full stack,16 Jun 2022
Rebeca,Branchi,,Pukara,System Administrator / Developer,14 Jun 2022
,,,,,14 Jun 2022
Marco,Lagunes,,McDonald's,Servicio de atención al cliente,14 Jun 2022
Jean Baptiste,Ndabananiye,,ADEPE[Action pour le Développement du Peuple]-Rwandan National NGO,Deputy Program Manager,14 Jun 2022
Ricardo,Ramírez,,Docmovi,Ingeniero de software,10 Jun 2022
Daniel,Garcia Gomez,,The Functionary,Senior Human Resources Recruiter,07 Jun 2022
jonatan,mansilla,,CAT Technologies Argentina,Retencion call center ,07 Jun 2022
Santiago,Douton,,Escola Sorvete,QA Analyst,06 Jun 2022
Marcelo Ezequiel,Acevedo,,Autónomo,Full Stack Developer,06 Jun 2022
ADRIANA,ALVAREZ RUIZ,,Box Custodia y Gestión Digital,Recruiter IT / Recursos Humanos.,06 Jun 2022
Renzo,Assenza,,Toyota Yacopini,Analista de marketing y ventas,05 Jun 2022
José Nicolas,Di Marco,,Siltium,Software Developer,04 Jun 2022
Julieta,Serra,,LIFTGATE,Administrativa de facturación,03 Jun 2022
Diego,Campero,,Sovos Latinoamérica,RPA Engineer,03 Jun 2022
Alejo,Aliberti,,Ejército Argentino,Desarrollador web y Tester QA,03 Jun 2022
Melania,Simes,,Apex America,Asistente de Command Center,03 Jun 2022
Rendimiento,Positivo,,Rendimiento Positivo,Business Professional,01 Jun 2022
Agustin,Antonino,,Avalith,Chief Executive Officer,01 Jun 2022
German,Valentin,,Alimentos Boulevard ,Atención al público ,01 Jun 2022
Juan José,Urdaneta Gonzalez,juanjoseenlinea1@gmail.com,Tortasysaboreslendys,Emprendedor y Líder ,30 May 2022
José Augusto,Sosa,gallego_sosa@hotmail.com,Ingenio Bella Vista,Químico de las 2 destilerías ,30 May 2022
Nicolás,Narvaez,,Activo Contact Center,Representante de telemárketing,29 May 2022
Daniel,Tenorio Sotillet,,Chileneumaticos,Desarrollador de front-end,29 May 2022
Jorge,Merino,,Frugally Innovative Technologies,Desarrollador de software,29 May 2022
Nelson,Hernández Diaz,,FI Group,Analista .Net Jr,29 May 2022
Livia,Acosta  Baudín,,Soluciones Andinas,Analista QA Semi Senior,27 May 2022
Pablo Gabriel,López,,Freelancer,Ilustrador freelancer,26 May 2022
,,,,,24 May 2022
TIC,Constecoin,,CONSTECOIN CIA. LTDA.,"Empresa líder en la concepción de soluciones inteligentes, con base en tecnología de punta",24 May 2022
María,Pineda,,SVFARMA,Auxiliar de Capital Humano ,24 May 2022
Sol,Segura,,Chubut IT,Tech Recruiter & People Care,23 May 2022
Adal,Obregon,,Minsait,Analyst Java Apx,23 May 2022
José,López,,Multiservicios KLJ. ca,Desarrollador de Python,23 May 2022
Romina Natalia,Martínez,,Particular,Profesora Lengua y Literatura,23 May 2022
Javier Osvaldo,Ochoa,,B8Agency,Co-Fundador / Director / Brand Manager,23 May 2022
Roman Emiliano,Arenas,,Academlo,Desarrollador de Software freelancer,23 May 2022
Paula,Nuñez Lodwick,,Wanaku,Copywriter,23 May 2022
Fermín,Villalba Mussín,,Totalservice,Mantenimiento,20 May 2022
Leonardo Sebastian,Rosales,,Excelencia Digital Software,Desarrollador full stack,20 May 2022
Fernando,Andreoli,,STARTEK Latam,Servicio de atención al cliente,19 May 2022
Marcelo,Resola,,InceptionAIO,Dev Frontend,17 May 2022
Carlos Andres,C.,,PROtalento®,Pro Orientacion,17 May 2022
Stefan,Pesic,,Vega IT,Senior Full Stack Developer,17 May 2022
Ariel,Lobos,,HS//Consulting,Desarrollador web,17 May 2022
Sofia,Geromini,,Globant,QA GAME,16 May 2022
Alexis Gabriel,Dellamaggiora,,ESENIO Cocina Honesta ,Responsable de recursos humanos,16 May 2022
Cristian,Alcober,,Autónomo,Desarrollador de software,16 May 2022
Claudia,Terlaak,,Who? Consultora Integral,Recruiter IT,15 May 2022
Cristian,Díaz,,,,15 May 2022
Julian,miranda,,,,14 May 2022
Nicolas,Batista Piñeyro,,,,14 May 2022
Federico,Sanchez,,Sumarte IT,Freelance Recruiter,14 May 2022
Facundo,Quadri,,Zafirus Technologies,Recruiter IT,14 May 2022
Paola,Ciuffani,,,,12 May 2022
Liam,Marega,,Limboteams,AdvantisAI - Front-end developer,12 May 2022
Gustavo,Giraldo,,Banistmo,Diseñador UX/UI,11 May 2022
Monica,Polenta,,Apex America,representante de atención al cliente corporativo,10 May 2022
Martina,Signorelli,,Vinoteca Destino Incierto,Servicio de atención al cliente,10 May 2022
Alfredo,Ayllón Pérez,,Optimissa,Consultor,10 May 2022
matias javier ,gramajo,,Teleperformance NG,Agente de atendimento ao cliente,10 May 2022
Alberto,Villa Segura,,IT Talent Recruiters,IT Recruiter,09 May 2022
Rodrigo,Cabrera,,INNEW,Frontend Web Developer,09 May 2022
Maximiliano,Sar Fernández,,Maxi Programa,Wizard,06 May 2022
Cristian Nicolás,Canabides,,COTO,Cajero,05 May 2022
Mariana,Olachea Echenique,,Consultoriait.com.ar,Reclutadora IT,05 May 2022
Melisa,Marques Henriques,,Laboratorio Elea,Help desk ,05 May 2022
Alberto Emmanuel,Lugonez,,Ternium,Programador N2A,05 May 2022
Isaac Alfredo,Royo,,Segnor,Auditor externo,05 May 2022
Cecilia,Ayre,,BBVA en Argentina,Customer Service Agent,04 May 2022
Carlos,Moreno cabrera,,Junior Achievement Argentina,Estudiante,04 May 2022
German Adolfo ,Garcia Ramos,,Profesional independiente,Arquitecto de soluciones,04 May 2022
Jennifer,Arrieta,,Accelalpha,Technical Recruiter,04 May 2022
Piero,Acosta Tourné,,TOTAL HOME S.A.,Técnico Post Venta,04 May 2022
Cerza,José de Matos Júnior,,CM International University of languages ( E-learning & Presential).,Digital influencer & Languages learnings mentorship worldwide leadership/ Languages Tutoring,04 May 2022
Joaquin,Varela,,Apex America,Information Technology Business Partner,03 May 2022
Fernando,Mendez,,Ventas y Servicio S.A,Ejecutivo de ventas,02 May 2022
Marcos,Bort,,PINGPOD INC,Software Engineer Jr.,01 May 2022
jimena,gimenez,,,,30 Apr 2022
Greg,Knight,,Self-employed,Partner - GNT Graphic Services,30 Apr 2022
Flora ,Vargas,,Fundación Formar,Desarrollador Web Full Stack,30 Apr 2022
Andrea,Coca,,“Don Jhonny” ,Atención al cliente,29 Apr 2022
David,Sandobal,,Mega Tech S.A.,Help Desk Telecom,28 Apr 2022
Elvis,Gil Torres,,Autónomo,Programador autónomo,28 Apr 2022
Lucas Gabriel,Lugones Hynes,,Teleperformance,Call Center Agent,28 Apr 2022
Jennifer Samantha,Otalora Villamarin,,DB-System,Psicóloga de selección,27 Apr 2022
Otavio,Martins Aldrighi,,Eletrônica do Professor,Atendimento ao cliente,27 Apr 2022
Facundo Maximiliano ,Guardia Rivera,,Myfuture-AI,Frontend Developer,27 Apr 2022
Carlos Hernan,Camacho,,Pyramid Plasterers,General labourer,27 Apr 2022
Emilce Jacqueline,Gutierrez,,JPMorgan Chase & Co.,Software Engineer Apprentice ,27 Apr 2022
Eliana,Garzia,,FyG Consultoria,Responsable de Servicios RH,27 Apr 2022
Romina,Mottola,,Atos,Recruiting  Team Lead Region Austral Andina ,27 Apr 2022
Emanuel,Alderete,,ARTECH,Desarrollador de .NET,27 Apr 2022
Lucas,Perez,,,,27 Apr 2022
Eliana Romina,Vellicce,,,,26 Apr 2022
Luciano N. ,Oscari,,LabsXD,SFDC & SFI QA Analyst,26 Apr 2022
Juan,Colmegna,,Tribunal de Cuentas de la Provincia de Santa Fe,Operativo de Soporte Sistema de Revisiva,26 Apr 2022
Luis Alberto,Fulco,,Eucacion IT,Profesor,26 Apr 2022
Andrés,Maldonado,,Profesional Independiente,Analista de procesos y datos ,25 Apr 2022
Juan David,Balanta Rentería,,Yéminus Software,Junior Developer Analyst,25 Apr 2022
Paula,Balsa Álvarez,,Leapman S.L,Junior Project Manager,25 Apr 2022
Cristina,Luna,,Digitalents sl,IT Recruiter,25 Apr 2022
Wilson,Loayza Coello,,COMANET MURCIA S.L.U.,Programador informático,25 Apr 2022
Lorena Marisel,Heffele,,Rvendoscopy,Administrativa,24 Apr 2022
Ritch,Flores,,JPMorgan Chase & Co.,Customer Service Representative,24 Apr 2022
Osmany,Aguilera,,Universidad de Holguín,Asesor de la Facultad de Ciencias Empresariales y Administración,22 Apr 2022
Natalia,Lupano,,Accenture,Talent connector ,22 Apr 2022
Ezequiel,Dehnike,,Arkimetal: Arquitectura en Barandas y Escaleras,Representante del servicio de atención al cliente,21 Apr 2022
Mara,Meyebovsky,,Profesional independiente,Psicoterapeuta en consulta privada,21 Apr 2022
Antonella,Castelli,,KeyGo. Gestión de Talento IT.,Técnico de selección de personal,20 Apr 2022
Exequiel,Cuello,,Talently,Business Development Manager B2C,20 Apr 2022
Kevin,Baez,,,,20 Apr 2022
Paolo,Del Ventura Villarroel,,"Encompass Digital Media, Inc.",NOC Operator,19 Apr 2022
Tomas,Contreras,,Wibond (YC W22),AWS Architect,19 Apr 2022
Jonathan,cabrera,,,,19 Apr 2022
Romina,Somoza,,Estancias Chiripa,Especialista en ventas minoristas,19 Apr 2022
Brian,Lara,,Lartirigoyen y Cía. S.A.,Administrativo de Sistemas - Seguridad e Infraestructura,19 Apr 2022
Jorge,Corral,,Beyond Partners,Partner,18 Apr 2022
Zunilda,Bolaño,,ITX Corp.,Asistente de proyectos,18 Apr 2022
Humberto,Diaz,,Ventas y Servicios S.A.,Ejecutivo de ventas,17 Apr 2022
Florencia,Romano,florromano27@gmail.com,MindHub LA,Mentora Jr Front-End,17 Apr 2022
Rodrigo,Ramirez,,Libro de Pases,Desarrollador Frontend React,15 Apr 2022
Lucila Belén,Sarmiento,,Estudio contable,Analista contable,15 Apr 2022
Walter Leandro,Barros,,WOXI. | Tecnología 360º en gestión de clientes,Senior UX/UI Designer,14 Apr 2022
Federico,Krenn,,Aegis Argentina,Analista de calidad,13 Apr 2022
Agustin,Meneses,,Azucar Moreno S.A,Atencion al Publico,13 Apr 2022
Camila Florencia,Loza,,,,12 Apr 2022
María Andrea,Rivero,,Independiente (freelance),Reclutadora,12 Apr 2022
Maria Lucia,Battig,,ES Auditores y Consultores S.A,Senior Area Previsional - RRHH,12 Apr 2022
María Rosario,Correa,,<InTech> MOM Latam,QA Tester,12 Apr 2022
Santiago,Chavez,,Autónomo,Desarrollador web,12 Apr 2022
Pablo Daniel,Bonagno,,Instituto de Formación Técnica Superior N° 20 (IFTS 20 - GCBA),Profesor de Inglés I e Inglés II,12 Apr 2022
Md. Mizanur,Rahman,,Virtual IT Support,Digital Marketing Manager,12 Apr 2022
Pedro,Unchalo,,,,11 Apr 2022
Agostina,Aquino,,Teleperformance,Asesor de atención al cliente,11 Apr 2022
Sergio,Robledo,,Mercado Libre,Software Developer,11 Apr 2022
Nicolas,Bogado,nicobogado12@gmail.com,Bionexo Latam, Sales Development Representative (SDR),11 Apr 2022
Emilio,Aroni,,"iComTech, Inc.",Especialista empresarial,11 Apr 2022
MIlagros,Barán,,Autónomo,Protesista dental,10 Apr 2022
Joel,Dupraz Ardiles,,Henry,Asistente de enseñanza (Desarrollo Full Stack),10 Apr 2022
Juan,Catullo,,América Virtual,Documentador IT,09 Apr 2022
😃 CLAUDIA PAOLA,SANCHEZ ☘,,LabsXD, SFDC & Vlocity QA Analyst,08 Apr 2022
Patricio Agustín,Jimenez Paz,,JyP Limpieza,Propietario,08 Apr 2022
Ornella,Pilegi,,,,07 Apr 2022
Lorena,Villaseñor,,PRUDENTIAL SEGUROS MEXICO,Captación de talentos,07 Apr 2022
LAURA KARINA,GARCIA TORRES,,Openpay México,CX activaciones,07 Apr 2022
Ayelén,Sánchez,,Overcome the Barrier LLC,Customer Service | Customer Success Manager,06 Apr 2022
Alejandro,Martinez,,Landscape Chile,QA Tester & Automation,06 Apr 2022
Julian,Simón,,uTest,QA Tester,06 Apr 2022
Santiago,López Carbini,,"Dirección de Contaduría, Municipalidad de Pilar",Analista Junior,06 Apr 2022
Nicolás,Ghiliasa,,Navent,Programador Full Stack | Python | Django,06 Apr 2022
Bruno,Capuano,,Microsoft,Senior Cloud Advocate,05 Apr 2022
Mateo,Hernandez,,Henry,Operations Analyst,04 Apr 2022
Pablo,Ramos,,Inceptia AI,Frontend Developer,04 Apr 2022
María Florencia,Fleitas,,Luxury Presence,Web Builder,02 Apr 2022
Nicolas,Giunta,,Autónomo,Administrador de ventas,01 Apr 2022
Emanuel Alejandro,Mangani,,Impresos San Martin,Atención al Público,31 Mar 2022
Maria Candelaria,Sobol,,EXTRADOS Software Technology,Programadora full stack in PIL program at Extrados,31 Mar 2022
Agustin,Somoza Polchi,,Los tilos mh,Desarrollador web,31 Mar 2022
Javier Emanuel,Gaitan,,Aguas Cordobesas,Asesor de atención al cliente,31 Mar 2022
Ignacio,Fernández,,,,31 Mar 2022
Carolina,Natalio,,Santander Argentina,Representante de servicio al cliente,29 Mar 2022
Miguel,Chanampa,,NEORIS,.NET Developer,28 Mar 2022
Marisol,Martin,,EMMSA Argentina,Asistente Gerencia,28 Mar 2022
Zeenat,Khan,,Convertbuilder,Appointment Setter,28 Mar 2022
Craneando,Marketing Digital,,Autónomo,Especialista en marketing digital,26 Mar 2022
Navarro Montes Agro SL,"Agricultura, Áreas Verdes",,NAVARRO MONTES AGRO SL,Empresa de distribucion,25 Mar 2022
Facundo Julián,Vargas,,AySA,Operario,25 Mar 2022
Lucas,Fernández ,,Zerobug,Desarrollador Junior,25 Mar 2022
Tomás,Salvatore,,Valtech,Junior Frontend Web Developer,24 Mar 2022
Martin,Pozzoli,,Municipalidad de la Ciudad de Mendoza,Software Developer,24 Mar 2022
Analia,Schneider,,CDT Soluciones Tecnológicas,Frontend Developer,24 Mar 2022
Diego,Costantino,,,,24 Mar 2022
Gabriel,Llanes,,Sovos,Corporate IT Support Specialist,24 Mar 2022
Veronica Cecilia,Benavidez,,CEDI Tech Consulting,End User Service Agent,24 Mar 2022
Gianluca,Dimitrioff Procida,,Gigared,Operador telefonico,24 Mar 2022
Maciel,Castro,,iuvity,Frontend Developer,23 Mar 2022
Laura,Olivera,,Egg Cooperation,Client Success Manager,23 Mar 2022
Leandro Agustín,Di Risio,,CENSYS S.A.,QA Tester,23 Mar 2022
Guido,Sabik,,Teleperformance,Asesor de atención al cliente,23 Mar 2022
José Jorge,Victoria Lira,,Mendez Trillo - Martínez Díaz S.A. de C.V.,Responsable de recursos humanos,23 Mar 2022
SAKSHAM,NISHAD,,Gate.io,Live Streamer,23 Mar 2022
,,,,,20 Mar 2022
Ludmila,Nannizzi,,CoreBiz,Desarrolladora de front-end,17 Mar 2022
Leandro Gabriel,Rojas,,Globant,Salesforce Developer - Frontend Developer,17 Mar 2022
Giselle,Roldan,,KDSoft,Software Developer,17 Mar 2022
María Josefina,Serrano,,CENSYS S.A.,QA,17 Mar 2022
Ariel,Febles,,BA Web Studio,Software Developer,17 Mar 2022
Rosendo Manuel,Alves,,Coderhouse,Tutor React Js,17 Mar 2022
Noel,Navaridas,,Agent Launch,Talent Manager,16 Mar 2022
Rosa Karen,Gómez Salazar,,Kantar,Coordinador de proyectos cuantitativos,16 Mar 2022
Javier,Briantz,,Platzi,Desarrollador Frontend,16 Mar 2022
Sebastián,González,,VATES - Software,Desarrollador de front-end,15 Mar 2022
María,Martín,,No Country,"UxUi designer, frontend",15 Mar 2022
Benjamin,Cortes,,Microsoft,Software Engineer,15 Mar 2022
Emir,Storani,,Recruiter Work,It Talent Recruiter.,15 Mar 2022
Erianny,Meléndez,,"Resourcing Consultores | Captación, Selección y Capacitación de Talento",Captación de talentos,14 Mar 2022
Pau,Saez Domenech ,,PAPER PLEGAT SL,Desarrollo web,14 Mar 2022
Santiago,Vinicki,,zenziya,Cobrador Telefonico,13 Mar 2022
Lourdes Florencia,Gallac,,Teleperformance,Agente telefónico,13 Mar 2022
Pablo Daniel,Marino,,RollingCode School,Academy Manager,12 Mar 2022
Rocío,arreguez ,,Teleperformance,Agente de atención telefónica,12 Mar 2022
Agustin,Falzone,,Universidad Nacional de Tucumán,Ayudante estudiantil ,12 Mar 2022
Cristian Ismael,Gramajo,,,,12 Mar 2022
Juan Luis,Arede,,CyberArg sistemas,PHP Developer Jr.,12 Mar 2022
Emmanuel,Santi Araoz,,Santi araoz distribuidora ,Encargado de compras y logística,11 Mar 2022
Antonella,Catanzano,,Accenture,Application Development Analyst,09 Mar 2022
Roberto Dante,Buzzi Florines,,https://www.linkedin.com/in/r-d-b-buzzi-0001b8200/,Program Manager ( Gerente de Operaciones),09 Mar 2022
Fernando,Torres,,HI RecruITment,IT Recruiter | HR Specialist,09 Mar 2022
Emmanuel,Araujo,,Poder Judicial de la Provincia del Chaco,Administrativo,08 Mar 2022
Abigail,Sanchez,,Zurich Insurance Company Ltd,Asesor de seguros,08 Mar 2022
Noelia Cecilia,Valdivia,,Kolektor UT,IT Recruiter UT,07 Mar 2022
Luciana,Aguirre Moro,,Axon Training,Tutora de estudiantes,06 Mar 2022
Alejandro,Tomaghelli,,Ah - Wb Design,Desarrollador web,02 Mar 2022
,,,,,02 Mar 2022
Gisele Milagros,Gonzalez,giselemgonzalez@gmail.com,Coderhouse,Profesora Desarrollo Web,28 Feb 2022
Melani,Villagra,,WB There,Executive IT Headhunter,27 Feb 2022
Emanuel,Cargnino,,NH AUTOPIEZAS,Desarrollador de front-end,26 Feb 2022
Martina,Manso,,Adecco,Auxiliar de cuenta,26 Feb 2022
Jonathan,Veltri,,No Country,Full Stack Developer,25 Feb 2022
Gabriela,Iacovino,,Dividenz,Human Capital Director,25 Feb 2022
Chely,Depablos,,Lenovo,Senior Talent Acquisition Partner/ Sourcer,24 Feb 2022
Rolando Manuel,Mata Teran,rmmtve@gmail.com,Grupo Disco Uruguay,Especialista en soporte técnico,23 Feb 2022
Norberto,Castro,,KEKUII,CEO,23 Feb 2022
Cynthia,Stefani,,Devlights - Argentina,Responsable de RRHH,23 Feb 2022
Yamila,Vallejo,,Qualitest,Talent Acquisition,22 Feb 2022
Romina,Porco,,Consultora ConfiaRH,Selector de personal IT,22 Feb 2022
Paulina,Campos,,Dulce Deleite,Programador full stack,21 Feb 2022
Loana,Rosi,,Superintendencia de Seguros de la Nación,Programador full stack,21 Feb 2022
Adolyimar,Petit,,Amedia,Recruitment Sourcing Specialist,20 Feb 2022
Alexis Miguel,Lopez Garay,,Autónomo,Desarrollador web,19 Feb 2022
Sabrina,Nichetti,,SIT SpA,Export Sales Agent,18 Feb 2022
Aylen,Cordisco,,Estatal,Docente,18 Feb 2022
Stefan,Sanchez,,Luxury Presence,Website Builder,18 Feb 2022
Matias,Iatrino,,Accenture Argentina,Quality Engineer,17 Feb 2022
Agustin,Cauzi,,Burger King,Operador,17 Feb 2022
Jean Claude,Mittelmann,,Teleperformance South Cone,Agente de atención telefónica,17 Feb 2022
Manuel,Lamas,,Sitenso,Desarrollador back-end,17 Feb 2022
Daiana,Junco,,Profesional independiente,Sourcer/ Recruiter ,17 Feb 2022
Sabrina,Acosta,,Manage Resources Recursos Humanos,Selectora de Personal Generalista,17 Feb 2022
Iara ,Baya Vargas,,BBVA en Argentina,Analyst Software Engineer,17 Feb 2022
Marcos,E.,,Freelancer,Freelancer,17 Feb 2022
Florencia,Rodriguez,,Xymilar,Desarrolladora web,17 Feb 2022
Paula,Baez,,,,17 Feb 2022
Natalia,Hernandez,,Conocimiento Abierto,Voluntariado en analisis de datos,17 Feb 2022
Brian,Osca,,,,17 Feb 2022
Marcos,Buiatti,,RightWorks,Recruiter,17 Feb 2022
Luigi,Dev,,soyhenry,Full Stack Developer,17 Feb 2022
Luis,Maestre,,Intelix Synergy,Desarrollador de software,17 Feb 2022
Guido,Brajterman,,CookUnity,Tech Talent Acquisition Specialist,17 Feb 2022
Valentina,Vivian,,Betting Connections,Trainee Recruiter,17 Feb 2022
Leandro Daniel,Avendaño,,BINIT,Desarrollador de software,17 Feb 2022
Juan Manuel,Hoyos,,Bymovi,Desarrollador Web Full Stack,17 Feb 2022
Mery,Iriarte,,ITX Corp.,Recruiter Coordinator,17 Feb 2022
Matias,Alvarado,,Autónomo,Pentester,16 Feb 2022
Yanina Vanesa,Torres,,Venta de Librería e Indumentaria,Atención al cliente,16 Feb 2022
Rocío,Bartolomé,,Clínica Modelo de Morón,Recepcionista,16 Feb 2022
Matias,Hidalgo,,G4 Soluciones IT ,Developer,15 Feb 2022
Rodrigo,Ruiz Díaz,,Reingenio,CEO,15 Feb 2022
Juan Pablo,Robles,,Noanet,.NET Developer,15 Feb 2022
Martín,Povolo,,TACTICASOFT,Recursos Humanos,15 Feb 2022
Nahuel Nicolas,Barbieri,,Nika IT Solutions,Software Engineer,14 Feb 2022
Pepe,Martinez Cevasco,,Bukeala.com,CEO,14 Feb 2022
Lautaro,Botta,,Dolcelatto,Heladero,14 Feb 2022
Luis A.,Tormes,,SIM Venezuela,Desarrollador Frontend Jr.,14 Feb 2022
Neri O,Ibarra,,Aloise y cia,Auxiliar administrativo,14 Feb 2022
María Chiara,Espinoza,,EY,Power Platform Engineer,14 Feb 2022
Matías,Vera,,BBVA en Argentina,Analista Desarrollador de Sistemas,13 Feb 2022
Christian,Fages,,Beesion,Desarrollador,13 Feb 2022
Viviana,Felippo,,Frigolar S.A.,Analista de RRHH JR ,13 Feb 2022
Claudio,Zelarayan,,Teleperformance,Representante del servicio de atención al cliente,12 Feb 2022
Irini,Grapsas,,Neostar,Responsable de RR. HH.,12 Feb 2022
Yoel,Acien,,Medinilla Seguridad SA,Profesional de seguridad,11 Feb 2022
Elizabeth Talia,Godoy,,Don Ampelio Agroinsumos,Contable,09 Feb 2022
Julieta Ines,Chocobar,,Fantommers,Full Stack Developer,08 Feb 2022
,,,,,08 Feb 2022
Gastón,Disciglio,,Mambo.js,Desarrollador front-end (Voluntario),07 Feb 2022
Maria Silvina,Gómez López,,Globant,Game Quality Analyst ,07 Feb 2022
Nahuel,Rodriguez,,Portinos Digital Agency,Desarrollador de front-end,06 Feb 2022
Lucas,Piputto,,Toyota Kansai,Estudiante en prácticas,06 Feb 2022
Brian Jose Lautaro,Medina Suarez,,Prima.Law,Programador full stack,05 Feb 2022
Mateo,Guerrero,,Kodland,Team Leader,05 Feb 2022
Franco,Miceli,,EZ-AD,Desarrollador full stack,05 Feb 2022
Lautaro,Pace,,Autónomo,Frontend Web Developer,05 Feb 2022
Débora Ivón,Ocaño,,JRmóvil,Desarrollador de front-end,05 Feb 2022
Pablo,Pulisich,,Expert Communication Systems GmbH,Desarrollador de front-end,05 Feb 2022
Alejandro,Escudero,,Voith Hydro,Supervisor de turno,05 Feb 2022
Tatiana,Cabrera,,Secretaría de Innovación y Transformación Digital ,Analista funcional,05 Feb 2022
Margarita,Roqué,,Accenture Argentina,Associate Software Engineer,05 Feb 2022
José Ignacio,Bravo,,Independiente / Freelance,Desarrollador de aplicaciones,05 Feb 2022
Pablo Ezequiel,Pagella,,Keyhole Graphic Design,Motion Graphic Designer,05 Feb 2022
Cecilia,Pizzi,,Cubits SRL,Desarrolladora,05 Feb 2022
Tomás,Lopez Mercado,,Winners Productos Deportivos,Devoluciones / Control de calidad,05 Feb 2022
Lucas,Ludueña,,Supermercados Toledo,Desarrolladora de .NET,05 Feb 2022
Lucas,Pereyra,,Secretaría de Innovación Pública,React Developer,05 Feb 2022
Santos,Zuberbuhler,,,,05 Feb 2022
Bella,Ruiz,,SOUTHWORKS,Talent Acquisition Partner,05 Feb 2022
Alejandro,Scotti,,AT&T,Senior Full-stack React & Nest.js Web Developer,05 Feb 2022
Alexis,Costa Stos,,Profesional independiente,Diseñador gráfico creativo,04 Feb 2022
Lucia,Muñoz,,Gobierno de la Ciudad de Buenos Aires,Asesora en Subsecretaría de Comunicación y Participación Ciudadana,04 Feb 2022
Rocio,Brandes,,Globant,People Journey Jr Advanced Analyst,03 Feb 2022
Stefania,Cuicchi,,Concejo Municipal,Asesora,03 Feb 2022
Alan,Rios,,AYIGROUP,Desarrollador Frontend Angular JR,03 Feb 2022
Francisco,Gonzalez,,,,03 Feb 2022
David,Nuñez,,IncluIT powered by Avenga,PROJECT MANAGER IT,02 Feb 2022
Juan Jesus ,Zagardia Muñoz,,NTT DATA Europe & Latam,Junior Software Engineer,02 Feb 2022
Israel,Sutton,,Ad Astra Agency,Director de ventas,31 Jan 2022
Agustin,Gomez Aranda,,Red Carlos V,Responsable de sistemas,31 Jan 2022
Lucas,Villanueva,,Stefanini LATAM,Técnico de soporte,28 Jan 2022
Julieta,Valdez,,Teleperformance,Agente de atención telefónica,27 Jan 2022
José Luis,Solari,,Atos,Help Desk Support Specialist,26 Jan 2022
FERNANDA ANABELLA,TORRES,,Santander Argentina,Analista SSR. - Banco Santander S.A.,24 Jan 2022
Sebas,Frias,,Teleperformance,Representante del servicio de atención al cliente,20 Jan 2022
Macarena,Ramirez,,Tsoft,Talent IT recruiter Sr,17 Jan 2022
Sofia,Pavone,,DataArt,Recruiter,14 Jan 2022
María Belén,Costantín,,Familia Bercomat,Analista de procesos,13 Jan 2022
Luciana,Medina,,Nearsure,Sourcer IT,13 Jan 2022
Pablo,Ramos,,Atento en Argentina,Representante del servicio de atención al cliente,13 Jan 2022
Eliana,Giovanardi,,Gratia.la,CM & Digital Comms WP,13 Jan 2022
Kenneth,Lindner,,Globant,Software Developer,12 Jan 2022
Anyelo,Vinzen,,Instituto Tecnológico de Santo Domingo,Application Developer,12 Jan 2022
Natalia V,Mercado R,,,,12 Jan 2022
Marcos Reuquen,Diaz,,Teladoc Health,Software Engineer,12 Jan 2022
Elias,Soffli,,E+G Consultores,Consultor BI,12 Jan 2022
Juan Bautista,Fabrizi,,Nexion Solutions - We are already there,Analista-Desarrollador COBOL,12 Jan 2022
David,Mercado,,Cervecería y Maltería Quilmes,Site Reliability Engineer,08 Jan 2022
Federico,Firmani Roma,,Accenture,Data Engineer,08 Jan 2022