Source,FirstName,LastName,Companies,Title,Emails,PhoneNumbers,CreatedAt,Addresses,Sites,InstantMessageHandles,FullName,Birthday,Location,BookmarkedAt,Profiles
MOBILE_CONTACTS,Facu UTN,Rafael,,,,"260 423-0139, 2604230139","12/10/22, 4:40 AM",,,,,,,,
MOBILE_CONTACTS,Alvaro,Refrigeración,,,,381 599-3270,"12/9/22, 3:44 AM",,,,,,,,
MOBILE_CONTACTS,Cpn,Barrios,,,,"381 683-0479, 3816830479","12/9/22, 3:44 AM",,,,,,,,
MOBILE_CONTACTS,Claro,Porta,,,,"351 550-4948, 3515504948","11/30/22, 3:16 PM",,,,,,,,
MOBILE_CONTACTS,Monitor,Samsung,,,,"381 477-9955, 3814779955","11/25/22, 8:30 AM",,,,,,,,
MOBILE_CONTACTS,Monitor,Iqual,,,,"381 575-2334, 3815752334","11/21/22, 7:56 AM",,,,,,,,
MOBILE_CONTACTS,Disco,1tb,,,,"381 649-3334, 3816493334","11/19/22, 8:30 AM",,,,,,,,
MOBILE_CONTACTS,Juanjo,Medina,,,," +54 9 381 614-3394, +5493816143394","11/19/22, 8:30 AM",,,,,,,,
MOBILE_CONTACTS,Router,Fibra,,,,"381 363-2410, 3813632410","11/14/22, 7:43 AM",,,,,,,,
MOBILE_CONTACTS,Mirian Oscari,RRHH,,,," +54 9 381 401-6650, +5493814016650","11/10/22, 2:27 AM",,,,,,,,
MOBILE_CONTACTS,Memorias,Ram,,,,"381 679-7945, 3816797945","11/4/22, 8:50 AM",,,,,,,,
MOBILE_CONTACTS,Polanco,,,,, +54 9 381 437-2982,"10/26/22, 8:25 AM",,,,,,,,
MOBILE_CONTACTS,Darío Sanatorio,Sarmiento,,,," +54 9 381 553-6800, +5493815536800","10/25/22, 9:58 AM",,,,,,,,
MOBILE_CONTACTS,Diego,Cirici,,,," +54 9 381 326-3198, +5493813263198","10/16/22, 11:28 AM",,,,,,,,
MOBILE_CONTACTS,Marcelo Chocobar,TP,,Supervisor,," +54 9 381 556-9390, +5493815569390","10/3/22, 6:56 PM",,,,,,,,
MOBILE_CONTACTS,Oga Turno,Mañana,,,," +54 9 381 555-0936, +5493815550936","9/29/22, 4:57 AM",,,,,,,,
MOBILE_CONTACTS,Libreria,Bily,,,,"381 418-9753, 3814189753","9/20/22, 11:31 AM",,,,,,,,
MOBILE_CONTACTS,Miligros,Braulio,,,," +54 9 381 472-2822, +5493814722822","9/19/22, 8:58 AM",,,,,,,,
MOBILE_CONTACTS,Asistencia y Recepcion Turno Tarde,,,,, +54 9 381 555-0547,"9/7/22, 12:26 PM",,,,,,,,
MOBILE_CONTACTS,Gonza Araya,FRSR,,,," +54 9 387 634-0842, +5493876340842","8/31/22, 5:13 AM",,,,,,,,
MOBILE_CONTACTS,Fernando Macias,SUPFIBER,,,," +54 9 381 518-5731, +5493815185731","8/31/22, 5:13 AM",,,,,,,,
MOBILE_CONTACTS,Cristián Germán,TP,,,," +54 9 381 510-4978, +5493815104978","8/31/22, 5:13 AM",,,,,,,,
MOBILE_CONTACTS,Dr,Morales,,,," +54 9 381 545-0993, +5493815450993","8/26/22, 4:53 AM",,,,,,,,
MOBILE_CONTACTS,Fatima,Conserje,,,," +54 9 381 348-6393, +5493813486393","8/24/22, 11:17 AM",,,,,,,,
MOBILE_CONTACTS,Ram,Hyperx,,,,"381 512-4764, 3815124764","8/20/22, 9:40 AM",,,,,,,,
MOBILE_CONTACTS,Medico,Legal,,,,"11 5722-6498, 1157226498","8/18/22, 6:31 AM",,,,,,,,
MOBILE_CONTACTS,Dr Fernando,Corti,,,,"221 595-0563, 2215950563","8/17/22, 7:49 AM",,,,,,,,
MOBILE_CONTACTS,Butacas AR 145,Neuquen,,,,"299 597-7918, 2995977918","8/11/22, 6:13 PM",,,,,,,,
MOBILE_CONTACTS,Victor Botines,F5,,,,"381 335-6649, 3813356649","8/4/22, 9:45 AM",,,,,,,,
MOBILE_CONTACTS,Codere,,,,,"11 3682-2558, 1136822558","8/3/22, 1:43 PM",,,,,,,,
MOBILE_CONTACTS,Aldo,AR,,,,"11 3317-5946, 1133175946","7/25/22, 7:29 PM",,,,,,,,
MOBILE_CONTACTS,Pau,Diaz,,,," +54 9 381 622-3421, +5493816223421","7/21/22, 7:29 AM",,,,,,,,
MOBILE_CONTACTS,Claudia,2,,,," +54 9 381 343-7700, +5493813437700","7/12/22, 11:05 AM",,,,,,,,
MOBILE_CONTACTS,Ivan,1060,,,,"381 339-7080, 3813397080","7/8/22, 4:28 PM",,,,,,,,
MOBILE_CONTACTS,Miriam,Lastra,,,," +54 9 381 595-6636, +5493815956636","7/8/22, 4:28 PM",,,,,,,,
MOBILE_CONTACTS,Venta,960,,,,"381 521-0492, 3815210492","7/8/22, 4:28 PM",,,,,,,,
MOBILE_CONTACTS,Constantino,Bar,,,,381 340-2698,"6/29/22, 5:05 PM",,,,,,,,
MOBILE_CONTACTS,Facundo,570,,,,"381 659-8279, 3816598279","6/29/22, 5:05 PM",,,,,,,,
MOBILE_CONTACTS,Abn,Flow,,,,"381 645-6334, 3816456334","6/23/22, 5:56 PM",,,,,,,,
MOBILE_CONTACTS,Orlando,Ferreyra,,,," +54 9 381 681-0948, +5493816810948","6/14/22, 4:21 PM",,,,,,,,
MOBILE_CONTACTS,Seño,Marilen,,,," +54 9 381 531-5611, +5493815315611","6/13/22, 4:09 PM",,,,,,,,
MOBILE_CONTACTS,DigitalTuc,,,,,"381 626-2283, 3816262283","6/9/22, 9:54 AM",,,,,,,,
MOBILE_CONTACTS,Combo,Fx,,,,"11 2578-6035, 1125786035","6/7/22, 5:49 AM",,,,,,,,
MOBILE_CONTACTS,Gb,Personal,,,,381 201-1873,"6/4/22, 6:21 AM",,,,,,,,
MOBILE_CONTACTS,Ivan Peralta Super,TP,,,," +54 9 381 630-1432, +5493816301432","6/2/22, 7:46 PM",,,,,,,,
MOBILE_CONTACTS,Flor,Zelarayán,,,," +54 9 381 698-1320, +5493816981320","6/2/22, 7:46 PM",,,,,,,,
MOBILE_CONTACTS,Seño,Daiana,,,," +54 9 381 446-3784, +5493814463784","5/30/22, 4:45 PM",,,,,,,,
MOBILE_CONTACTS,Monica,Chambeu,,,," +54 9 381 675-7867, +5493816757867","5/30/22, 4:45 PM",,,,,,,,
MOBILE_CONTACTS,JorgePaz,Testigo,,,," +54 9 381 216-1146, +5493812161146","5/29/22, 8:54 AM",,,,,,,,
MOBILE_CONTACTS,Gabriel Juri,Tp,,,," +54 9 381 544-6560, +5493815446560","5/20/22, 6:43 AM",,,,,,,,
MOBILE_CONTACTS,Francisco,Ec1,,,," +54 9 381 656-3621, +5493816563621","5/13/22, 9:29 AM",,,,,,,,
MOBILE_CONTACTS,Alex Raddi,Sis,,,," +54 9 381 512-3193, +5493815123193","5/13/22, 9:29 AM",,,,,,,,
MOBILE_CONTACTS,Fotocopia 9 De,Julio,,,,"381 540-4326, 3815404326","5/12/22, 12:28 PM",,,,,,,,
MOBILE_CONTACTS,Daniel,Limpias,,,," +54 9 381 200-5496, +5493812005496","5/10/22, 7:46 AM",,,,,,,,
MOBILE_CONTACTS,Doberman,,,,,"381 462-9924, 3814629924","5/10/22, 7:46 AM",,,,,,,,
MOBILE_CONTACTS,Braulio,(H),,,," +54 9 381 554-8554, +5493815548554","5/10/22, 7:46 AM",,,,,,,,
MOBILE_CONTACTS,Alvaro,Zelarayan,,,," +54 9 381 554-0325, +5493815540325","5/10/22, 7:46 AM",,,,,,,,
MOBILE_CONTACTS,Nro,Viejo,,,,"381 302-0603, 3813020603","5/9/22, 7:06 AM",,,,,,,,
MOBILE_CONTACTS,Benja,Provisorio,,,," +54 9 381 563-5330, +5493815635330","5/9/22, 7:06 AM",,,,,,,,
MOBILE_CONTACTS,Rocío,Z,,,," +54 9 381 326-3151, +5493813263151","5/4/22, 4:50 AM",,,,,,,,
MOBILE_CONTACTS,Cristian Alderete,UTN,,,," +54 9 11 4172-2937, +5491141722937","5/3/22, 9:06 AM",,,,,,,,
MOBILE_CONTACTS,Alek Super,TP,,,," +54 9 381 617-7226, +5493816177226","5/1/22, 10:16 PM",,,,,,,,
MOBILE_CONTACTS,Oficial Principal,Caro,,,," +54 381 401-6509, +543814016509","5/1/22, 10:16 PM",,,,,,,,
MOBILE_CONTACTS,Fraude,Fibertel,,,,381 640-2263,"4/28/22, 4:00 PM",,,,,,,,
MOBILE_CONTACTS,Flow,Servicio,,,,"11 7195-0002, 1171950002","4/27/22, 4:31 AM",,,,,,,,
MOBILE_CONTACTS,Jean Claude,Nuevo,,,," +54 9 381 251-7415, +5493812517415","4/23/22, 2:58 PM",,,,,,,,
MOBILE_CONTACTS,Juan Schallmoser,UTN,,,," +54 9 3755 66-3637, +5493755663637","4/23/22, 2:58 PM",,,,,,,,
MOBILE_CONTACTS,Angelo,Pertusa,,,," +54 9 3755 34-5431, +5493755345431","4/23/22, 2:58 PM",,,,,,,,
MOBILE_CONTACTS,???,,,,,381 208-0000,"4/22/22, 12:25 PM",,,,,,,,
MOBILE_CONTACTS,Dr,Polanco,,,,437-2982,"4/13/22, 10:56 AM",,,,,,,,
MOBILE_CONTACTS,Reparacion,Hidraulica,,,," +54 9 381 646-2544, +5493816462544","4/10/22, 9:38 PM",,,,,,,,
MOBILE_CONTACTS,Autopartes,Peugeot,,,,"381 610-5900, 3816105900","4/7/22, 3:27 PM",,,,,,,,
MOBILE_CONTACTS,Andrea,Llavel,,,,"2262 63-9557, 2262639557","4/7/22, 3:27 PM",,,,,,,,
MOBILE_CONTACTS,FABIAN,OCAMPO,,,," +54 9 2622 23-0010, +5492622230010","4/7/22, 3:27 PM",,,,,,,,
MOBILE_CONTACTS,Técnico,Telecom,,,," +54 381 238-0288, +543812380288","4/5/22, 5:52 PM",,,,,,,,
MOBILE_CONTACTS,Zapatos,Lomas,,,,"381 649-2254, 3816492254","4/1/22, 5:59 AM",,,,,,,,
MOBILE_CONTACTS,Rocio Cuello,Tp,,,,"381 694-8901, 3816948901","3/17/22, 4:24 AM",,,,,,,,
MOBILE_CONTACTS,Ps4,1tb,,,,381 212-8310,"3/15/22, 5:35 AM",,,,,,,,
MOBILE_CONTACTS,Gtx,960,,,,"381 366-8185, 3813668185","3/12/22, 9:02 AM",,,,,,,,
MOBILE_CONTACTS,Recursos,Tp,,,, +54 9 11 5555-3360,"3/9/22, 3:22 PM",,,,,,,,
MOBILE_CONTACTS,Castelli,1093,,,," +54 9 381 358-3200, +5493813583200","3/4/22, 7:48 AM",,,,,,,,
MOBILE_CONTACTS,Prog,,,,,11 2816-1980,"2/16/22, 12:39 PM",,,,,,,,
MOBILE_CONTACTS,Guillebox🥊,,,,," +54 9 381 342-4259, +5493813424259","2/15/22, 12:33 AM",,,,,,,,
MOBILE_CONTACTS,Mensajeria,Callejeros,,,,"381 347-3111, 3813473111","2/4/22, 5:30 PM",,,,,,,,
MOBILE_CONTACTS,Kal Teclado,Redragon,,,,"381 544-2131, 3815442131","2/4/22, 5:30 PM",,,,,,,,
MOBILE_CONTACTS,Pad,Gamer,,,,"381 300-2445, 3813002445","2/2/22, 9:50 PM",,,,,,,,
MOBILE_CONTACTS,Feli,TP,,,, +54 9 381 457-4182,"1/22/22, 4:59 AM",,,,,,,,
MOBILE_CONTACTS,P,,,,,"11 3913-1526, 1139131526","1/6/22, 6:15 PM",,,,,,,,
MOBILE_CONTACTS,Abuela,Número,,,,"381 325-3933, 3813253933","1/6/22, 6:15 PM",,,,,,,,
MOBILE_CONTACTS,Nahuel Campero,Tp,,,," +54 9 381 516-3679, +5493815163679","1/4/22, 9:29 PM",,,,,,,,
MOBILE_CONTACTS,Mi,Numero,,,,381 564-9441,"1/4/22, 9:29 PM",,,,,,,,
MOBILE_CONTACTS,Julian Super,Tp,,,," +54 9 381 698-2509, +5493816982509","1/4/22, 9:29 PM",,,,,,,,
MOBILE_CONTACTS,Mi,Numero,,,,"381 665-2925, 3816652925","1/4/22, 9:29 PM",,,,,,,,
MOBILE_CONTACTS,maxi_angel,TP,,,," +54 9 381 646-0271, +5493816460271","1/4/22, 9:29 PM",,,,,,,,
MOBILE_CONTACTS,Alan Maihua,TP,,,," +54 9 3886 40-0820, +5493886400820","12/30/21, 8:56 AM",,,,,,,,
MOBILE_CONTACTS,Nando,Medina,,,," +54 9 381 350-2904, +5493813502904","12/26/21, 9:37 AM",,,,,,,,
MOBILE_CONTACTS,Micro,Amd,,,,"381 212-8040, 3812128040","12/24/21, 3:02 PM",,,,,,,,
MOBILE_CONTACTS,Karina,Torres,,,," +54 9 381 588-9262, +5493815889262","12/21/21, 10:35 PM",,,,,,,,
MOBILE_CONTACTS,Juan,Ruiz,,,, +5493816762037,"12/21/21, 10:35 PM",,,,,,,,
MOBILE_CONTACTS,Juan,MMA,,,," +54 9 381 649-8255, +5493816498255","12/21/21, 10:35 PM",,,,,,,,
MOBILE_CONTACTS,Jose,Corbalan,,,, +5493816522395,"12/21/21, 10:35 PM",,,,,,,,
MOBILE_CONTACTS,Jose,Humacata,,,," +54 9 381 550-4382, +5493815504382","12/21/21, 10:35 PM",,,,,,,,
MOBILE_CONTACTS,Jonathan,Empeño,,,, +543814743849,"12/21/21, 10:35 PM",,,,,,,,
MOBILE_CONTACTS,Jean,Claude,,,, +54 9 381 561-3648,"12/21/21, 10:35 PM",,,,,,,,
MOBILE_CONTACTS,Ivan,Lopez,,,,"381 349-4154, 3813494154","12/21/21, 10:35 PM",,,,,,,,
MOBILE_CONTACTS,Isa,Rivas,,,," +54 9 381 613-9920, +5493816139920","12/21/21, 10:35 PM",,,,,,,,
MOBILE_CONTACTS,Hernan,Usuario,,,," +54 9 11 5856-7445, +5491158567445","12/21/21, 10:35 PM",,,,,,,,
MOBILE_CONTACTS,Gustavo,Aircross,,,," +54 9 3876 43-0328, +5493876430328","12/21/21, 10:35 PM",,,,,,,,
MOBILE_CONTACTS,Gustavo,Projet,,,," +54 9 381 479-4612, +5493814794612","12/21/21, 10:35 PM",,,,,,,,
MOBILE_CONTACTS,Gonzalo,Bulacio,,,," +54 9 381 474-8678, +5493814748678","12/21/21, 10:35 PM",,,,,,,,
MOBILE_CONTACTS,Gi,Apas,,,,"381 417-1334, 3814171334","12/21/21, 10:35 PM",,,,,,,,
MOBILE_CONTACTS,Gaston,MMA,,,," +54 9 381 554-8391, +5493815548391","12/21/21, 10:35 PM",,,,,,,,
MOBILE_CONTACTS,Fátima,Ec1,,,," +54 9 381 397-1015, +5493813971015","12/21/21, 10:35 PM",,,,,,,,
MOBILE_CONTACTS,Franco Maldonado,(Guadalupe),,,, +54 9 381 417-7750,"12/21/21, 10:35 PM",,,,,,,,
MOBILE_CONTACTS,Franco,Guillen,,,," +54 9 381 566-1916, +5493815661916","12/21/21, 10:35 PM",,,,,,,,
MOBILE_CONTACTS,Fair,Play,,,,3815894632,"12/21/21, 10:35 PM",,,,,,,,
MOBILE_CONTACTS,Facundo,Elias,,,," +54 9 381 457-1043, +5493814571043","12/21/21, 10:35 PM",,,,,,,,
MOBILE_CONTACTS,Fabian,Rivas,,,,"381 609-0937, 3816090937","12/21/21, 10:35 PM",,,,,,,,
MOBILE_CONTACTS,Esteban,Carabajal,,,, +5493816495957,"12/21/21, 10:35 PM",,,,,,,,
MOBILE_CONTACTS,Erika,Ibarra,,,," +54 9 381 671-0291, +5493816710291","12/21/21, 10:35 PM",,,,,,,,
MOBILE_CONTACTS,Empeño,Mateo,,,,3814163368,"12/21/21, 10:35 PM",,,,,,,,
MOBILE_CONTACTS,Elena,Pisculichi,,,," +54 9 381 683-0400, +5493816830400","12/21/21, 10:35 PM",,,,,,,,
MOBILE_CONTACTS,Edgar,Dh,,,,11 5181-2608,"12/21/21, 10:35 PM",,,,,,,,
MOBILE_CONTACTS,Domingo,Duloc,,,," +54 9 381 665-9614, +5493816659614","12/21/21, 10:35 PM",,,,,,,,
MOBILE_CONTACTS,Diego,Lazarte,,,," +54 9 381 678-9181, +5493816789181","12/21/21, 10:35 PM",,,,,,,,
MOBILE_CONTACTS,David,Mercado,,,, +5493815087985,"12/21/21, 10:35 PM",,,,,,,,
MOBILE_CONTACTS,David,Gomez Tedeschi,,,," +54 9 381 475-5291, +5493814755291","12/21/21, 10:35 PM",,,,,,,,
MOBILE_CONTACTS,Claudio,,,,," +54 9 381 504-1364, +54 9 381 504-1364, +5493815041364","12/21/21, 10:35 PM",,,,,,,,
MOBILE_CONTACTS,Cigarrillo,Electrónico,,,,"381 332-2732, 3813322732","12/21/21, 10:35 PM",,,,,,,,
MOBILE_CONTACTS,Celina,Cruz,,,, +5493814751747,"12/21/21, 10:35 PM",,,,,,,,
MOBILE_CONTACTS,Carlos Javier,Carrizo,,,," +54 9 381 576-7868, +5493815767868","12/21/21, 10:35 PM",,,,,,,,
MOBILE_CONTACTS,Carlos,Faviano,,,,"11 6876-2964, 1168762964","12/21/21, 10:35 PM",,,,,,,,
MOBILE_CONTACTS,Carlos,Danielsen,,,," +54 9 381 447-9656, +5493814479656","12/21/21, 10:35 PM",,,,,,,,
MOBILE_CONTACTS,Carina,Quiñones,,,," +54 9 381 638-5663, +5493816385663","12/21/21, 10:35 PM",,,,,,,,
MOBILE_CONTACTS,Cami,Quintans,,,, +5493814443303,"12/21/21, 10:35 PM",,,,,,,,
MOBILE_CONTACTS,Augusto,Romero,,,," +54 9 381 675-6886, +5493816756886","12/21/21, 10:35 PM",,,,,,,,
MOBILE_CONTACTS,Angie,Chico,,,," +54 9 381 524-9827, +5493815249827","12/21/21, 10:35 PM",,,,,,,,
MOBILE_CONTACTS,Alfa 146 Catamarca,,,,,3834649959,"12/21/21, 10:35 PM",,,,,,,,
MOBILE_CONTACTS,Alejandro,Aguirre,,,," +54 9 381 387-4987, +5493813874987","12/21/21, 10:35 PM",,,,,,,,
MOBILE_CONTACTS,Alejandro,Medina,,,," +54 9 381 627-9510, +5493816279510","12/21/21, 10:35 PM",,,,,,,,
MOBILE_CONTACTS,Alejandra,Espinoza,,,," +54 9 381 417-5306, +5493814175306","12/21/21, 10:35 PM",,,,,,,,
MOBILE_CONTACTS,Airpod,,,,,"3816217804, +54 381 621-7804","12/21/21, 10:35 PM",,,,,,,,
MOBILE_CONTACTS,Airbag,,,,,"11 5960-0059, 1159600059","12/21/21, 10:35 PM",,,,,,,,
MOBILE_CONTACTS,Agustín,Moreno,,,," +54 9 381 329-1120, +5493813291120","12/21/21, 10:35 PM",,,,,,,,
MOBILE_CONTACTS,Agustina,Bulacio,,,," +54 9 381 300-0246, +5493813000246","12/21/21, 10:35 PM",,,,,,,,
MOBILE_CONTACTS,Agustin,Gomez Aranda,,,," +54 9 381 620-9061, +54 9 381 623-6718, +5493816236718","12/21/21, 10:35 PM",,,,,,,,
MOBILE_CONTACTS,Ariel,Diaz,,,,"381 674-3052, 3816743052","12/21/21, 10:35 PM",,,,,,,,
MOBILE_CONTACTS,Peugeot,Chocado,,,,"381 554-9805, 3815549805","12/21/21, 10:35 PM",,,,,,,,
MOBILE_CONTACTS,Dr,Guerino,,,," +54 9 381 641-4412, +5493816414412","12/21/21, 10:35 PM",,,,,,,,
MOBILE_CONTACTS,Trabajo,Terminal,,,, +543816136344,"12/21/21, 10:35 PM",,,,,,,,
MOBILE_CONTACTS,Medina Walter,Seguridad,,,," +54 9 381 343-0943, +5493813430943","12/21/21, 10:35 PM",,,,,,,,
MOBILE_CONTACTS,Yñigo,Ecu,,,,"3863 41-9415, 3863419415","12/21/21, 10:35 PM",,,,,,,,
MOBILE_CONTACTS,Taller,Bsm,,,,11 3010-2482,"12/21/21, 10:35 PM",,,,,,,,
MOBILE_CONTACTS,Ayelen,Guzmán,,,," +54 9 381 567-8629, +5493815678629","12/21/21, 10:35 PM",,,,,,,,
MOBILE_CONTACTS,Taci,Bgh,,,,"381 333-2259, 3813332259","12/21/21, 10:35 PM",,,,,,,,
MOBILE_CONTACTS,Xmm,Facundo,,,,"381 574-1986, 3815741986","12/21/21, 10:35 PM",,,,,,,,
MOBILE_CONTACTS,Nico,Montilla,,,, +5493813507564,"12/21/21, 10:35 PM",,,,,,,,
MOBILE_CONTACTS,Jose,Garcia,,,, +5493815223273,"12/21/21, 10:35 PM",,,,,,,,
MOBILE_CONTACTS,Pitu Valdes,Data Projet,,,, +54 9 381 363-9493,"12/21/21, 10:35 PM",,,,,,,,
MOBILE_CONTACTS,Cristian,Data Projet,,,, +54 9 381 363-9651,"12/21/21, 10:35 PM",,,,,,,,
MOBILE_CONTACTS,Aa,,,,,"381 446-1541, 3814461541","12/21/21, 10:35 PM",,,,,,,,
MOBILE_CONTACTS,Ariel,206,,,,"11 5724-0835, 1157240835","12/21/21, 10:35 PM",,,,,,,,
MOBILE_CONTACTS,Daniel,Aguirre,,,," +54 9 3865 51-1554, +5493865511554","12/21/21, 10:35 PM",,,,,,,,
MOBILE_CONTACTS,Jose,Arce,,,," +54 9 381 403-8953, +5493814038953","12/21/21, 10:35 PM",,,,,,,,
MOBILE_CONTACTS,Carlos Lonzon,Romeo,,,,"348 433-6488, 3484336488","12/21/21, 10:35 PM",,,,,,,,
MOBILE_CONTACTS,Diego,Claro,,,,3814585805,"12/21/21, 10:35 PM",,,,,,,,
MOBILE_CONTACTS,Fernando,Molina,,,," +54 9 381 575-6796, +5493815756796","12/21/21, 10:35 PM",,,,,,,,
MOBILE_CONTACTS,Camilo,Boxeo,,,,"381 655-4698, 3816554698","12/21/21, 10:35 PM",,,,,,,,
MOBILE_CONTACTS,Ezequiel,Juarez,,,,381 542-7902,"12/21/21, 10:35 PM",,,,,,,,
MOBILE_CONTACTS,Giselle,Villagran,,,, +54 9 381 659-7653,"12/21/21, 10:35 PM",,,,,,,,
MOBILE_CONTACTS,Delivery,,,,,"381 694-4925, 3816944925","12/21/21, 10:35 PM",,,,,,,,
MOBILE_CONTACTS,Fatima,Gramajo,,,, +54 9 381 472-4543,"12/21/21, 10:35 PM",,,,,,,,
MOBILE_CONTACTS,Luciano,Capellan,,,," +54 9 381 356-9162, +5493813569162","12/21/21, 10:35 PM",,,,,,,,
MOBILE_CONTACTS,Lorena,Dias,,,,"381 635-7636, 3816357636","12/21/21, 10:35 PM",,,,,,,,
MOBILE_CONTACTS,Daiana,Lazarte,,,, +54 9 381 476-4904,"12/21/21, 10:35 PM",,,,,,,,
MOBILE_CONTACTS,Matias,Terminal,,,," +54 9 381 678-3964, +5493816783964","12/21/21, 10:35 PM",,,,,,,,
MOBILE_CONTACTS,Juan,Benja,,,, +54 9 381 539-6048,"12/21/21, 10:35 PM",,,,,,,,
MOBILE_CONTACTS,Lourdes Zelarayan,Hna,,,, +54 9 381 206-5650,"12/21/21, 10:35 PM",,,,,,,,
MOBILE_CONTACTS,Giuliano,Guillen,,,," +54 9 381 583-8246, +5493815838246","12/21/21, 10:35 PM",,,,,,,,
MOBILE_CONTACTS,JJ,Benja,,,," +54 9 381 610-0922, +5493816100922","12/21/21, 10:35 PM",,,,,,,,
MOBILE_CONTACTS,Ramon,Albornoz,,,," +5493813459738, +5493813450832","12/21/21, 10:35 PM",,,,,,,,
MOBILE_CONTACTS,Alejandro,Seguridad,,,," +54 9 381 571-7150, +5493815717150","12/21/21, 10:35 PM",,,,,,,,
MOBILE_CONTACTS,Ale,DP,,,," +54 9 381 359-4929, +5493813594929","12/21/21, 10:35 PM",,,,,,,,
MOBILE_CONTACTS,Sofi,Nieva,,,, +54 9 381 337-6167,"12/21/21, 10:35 PM",,,,,,,,
MOBILE_CONTACTS,Turbo,Préstamos,,,," +54 9 381 332-0808, +5493813320808","12/21/21, 10:35 PM",,,,,,,,
MOBILE_CONTACTS,Juan,Ingalina,,,," +54 9 381 419-1587, +5493814191587","12/21/21, 10:35 PM",,,,,,,,
MOBILE_CONTACTS,Pichi,,,,, +54 381 203-7139,"12/21/21, 10:35 PM",,,,,,,,
MOBILE_CONTACTS,Carlos,Coria,,,,"381 458-1052, 3814581052","12/21/21, 10:35 PM",,,,,,,,
MOBILE_CONTACTS,Daniel,Prestamo,,,," +54 9 381 462-4766, +5493814624766","12/21/21, 10:35 PM",,,,,,,,
MOBILE_CONTACTS,Los,Tv,,,,"381 4196160, 3814196160","12/21/21, 10:35 PM",,,,,,,,
MOBILE_CONTACTS,Matias,Farias,,,," +54 9 381 593-5626, +5493815935626","12/21/21, 10:35 PM",,,,,,,,
MOBILE_CONTACTS,Llam. a su cargo,,,,," +54 11 1000-05, +5411100005","12/21/21, 10:35 PM",,,,,,,,
MOBILE_CONTACTS,Ford,Kinetic,,,,3816092596,"12/21/21, 10:35 PM",,,,,,,,
MOBILE_CONTACTS,Jose,Benja,,,," +54 9 381 651-0641, +5493816510641","12/21/21, 10:35 PM",,,,,,,,
MOBILE_CONTACTS,Leandro Aguero Bomba,H,,,,"11 3061-8785, 1130618785","12/21/21, 10:35 PM",,,,,,,,
MOBILE_CONTACTS,11,3380-2790,,,,1133802790,"12/21/21, 10:35 PM",,,,,,,,
MOBILE_CONTACTS,,,,,,11 3380-2790,"12/21/21, 10:35 PM",,,,,,,,
MOBILE_CONTACTS,Abuela,,,,," +54 9 381 202-1737, +5493812021737","12/21/21, 10:35 PM",,,,,,,,
MOBILE_CONTACTS,KLR,250,,,,3854350599,"12/21/21, 10:35 PM",,,,,,,,
MOBILE_CONTACTS,Repuestos,206,,,,3815083583,"12/21/21, 10:35 PM",,,,,,,,
MOBILE_CONTACTS,Gato,,,,," +54 9 381 668-8613, +5493816688613","12/21/21, 10:35 PM",,,,,,,,
MOBILE_CONTACTS,Ford,2014,,,,3815830836,"12/21/21, 10:35 PM",,,,,,,,
MOBILE_CONTACTS,Antonio,Benja,,,,"381 353-8324, 3813538324","12/21/21, 10:35 PM",,,,,,,,
MOBILE_CONTACTS,Vane,Diaz,,,, +5493814140363,"12/21/21, 10:35 PM",,,,,,,,
MOBILE_CONTACTS,Braulito,Zelarayan,,,," +54 9 381 554-0010, +5493815540010, +54 9 381 554-0010","12/21/21, 10:35 PM",,,,,,,,
MOBILE_CONTACTS,Luis,Ganim,,,, +54 9 381 510-4594,"12/21/21, 10:35 PM",,,,,,,,
MOBILE_CONTACTS,Gonzalo,Galvan,,,," +54 9 381 530-1691, +5493815301691","12/21/21, 10:35 PM",,,,,,,,
MOBILE_CONTACTS,Citroen Gunter,Rojas,,,," +54 9 388 583-0022, +5493885830022","12/21/21, 10:35 PM",,,,,,,,
MOBILE_CONTACTS,Kata,Caceres,,,,381 419-3759,"12/21/21, 10:35 PM",,,,,,,,
MOBILE_CONTACTS,Esteban,Arcor,,,, +5493815833303,"12/21/21, 10:35 PM",,,,,,,,
MOBILE_CONTACTS,Daiana ,Lazarte,,,, +54 9 381 641-9237,"12/21/21, 10:35 PM",,,,,,,,
MOBILE_CONTACTS,Lucky,,,,, +5493858404731,"12/21/21, 10:35 PM",,,,,,,,
MOBILE_CONTACTS,Base,Operativa,,,," +54 9 381 595-3683, +5493815953683","12/21/21, 10:35 PM",,,,,,,,
MOBILE_CONTACTS,Marcos,Budin,,,," +54 9 381 513-7974, +5493815137974","12/21/21, 10:35 PM",,,,,,,,
MOBILE_CONTACTS,Mauro,Claro,,,," +54 9 381 472-8210, +5493814728210","12/21/21, 10:35 PM",,,,,,,,
MOBILE_CONTACTS,Arro,Omar,,,," +54 9 381 602-0047, +5493816020047","12/21/21, 10:35 PM",,,,,,,,
MOBILE_CONTACTS,Matias,Getar,,,," +54 9 381 622-4362, +5493816224362","12/21/21, 10:35 PM",,,,,,,,
MOBILE_CONTACTS,Anshy,Vazquez,,,, +5493815069153,"12/21/21, 10:35 PM",,,,,,,,
MOBILE_CONTACTS,Butacas,Romeo,,,,"2920 29-6563, 2920296563","12/21/21, 10:35 PM",,,,,,,,
MOBILE_CONTACTS,Micaela,Suarez,,,,1121798870,"12/21/21, 10:35 PM",,,,,,,,
MOBILE_CONTACTS,Sofi,Paredes,,,," +54 9 381 351-9562, +5493813519562","12/21/21, 10:35 PM",,,,,,,,
MOBILE_CONTACTS,Cliente,Silvia,,,,3844442668,"12/21/21, 10:35 PM",,,,,,,,
MOBILE_CONTACTS,Paula ,Diaz,,,, +54 9 381 359-0752,"12/21/21, 10:35 PM",,,,,,,,
MOBILE_CONTACTS,Orrillo,Mecanico,,,,"381 643-9273, 3816439273","12/21/21, 10:35 PM",,,,,,,,
MOBILE_CONTACTS,Lucas Cofalt,Projet,,,," +54 9 381 401-5237, +5493814015237","12/21/21, 10:35 PM",,,,,,,,
MOBILE_CONTACTS,Claro,Decos,,,,"381 689-2315, 3816892315","12/21/21, 10:35 PM",,,,,,,,
MOBILE_CONTACTS,Fabian,nu,,,,3814416356,"12/21/21, 10:35 PM",,,,,,,,
MOBILE_CONTACTS,Citroen,Chocado,,,,"381 462-4242, 3814624242","12/21/21, 10:35 PM",,,,,,,,
MOBILE_CONTACTS,Yanina,Gutierrez,,,, +5493813374435,"12/21/21, 10:35 PM",,,,,,,,
MOBILE_CONTACTS,Alexis,Lescano,,,," +54 9 381 678-7962, +5493816787962","12/21/21, 10:35 PM",,,,,,,,
MOBILE_CONTACTS,Calza,Puma,,,,381 349-5854,"12/21/21, 10:35 PM",,,,,,,,
MOBILE_CONTACTS,Rodrigo,Argañaraz,,,," +54 9 381 572-0941, +5493815720941","12/21/21, 10:35 PM",,,,,,,,
MOBILE_CONTACTS,Fiorella,Scistri,,,," +54 9 381 357-3763, +5493813573763","12/21/21, 10:35 PM",,,,,,,,
MOBILE_CONTACTS,Matias,Proietto,,,," +54 9 351 386-2354, +5493513862354","12/21/21, 10:35 PM",,,,,,,,
MOBILE_CONTACTS,Rodrigo,Proyect,,,," +54 9 381 364-1087, +5493813641087","12/21/21, 10:35 PM",,,,,,,,
MOBILE_CONTACTS,Juan,correa,,,," +54 9 381 620-0675, +5493816200675","12/21/21, 10:35 PM",,,,,,,,
MOBILE_CONTACTS,Diego,Projet,,,,"381 472-5333, 3814725333","12/21/21, 10:35 PM",,,,,,,,
MOBILE_CONTACTS,Manuel,Lescano,,,, +5493814477741,"12/21/21, 10:35 PM",,,,,,,,
MOBILE_CONTACTS,Hugo,Seguridad,,,," +54 9 381 570-4091, +5493815704091","12/21/21, 10:35 PM",,,,,,,,
MOBILE_CONTACTS,Walter,Moreno,,,," +54 9 381 521-6843, +5493815216843","12/21/21, 10:35 PM",,,,,,,,
MOBILE_CONTACTS,381,627-1182,,,,3816271182,"12/21/21, 10:35 PM",,,,,,,,
MOBILE_CONTACTS,Rodrigo,Deposito,,,," +54 9 381 419-3670, +5493814193670","12/21/21, 10:35 PM",,,,,,,,
MOBILE_CONTACTS,Fabian,Silva,,,," +54 9 381 445-7689, +5493814457689","12/21/21, 10:35 PM",,,,,,,,
MOBILE_CONTACTS,Santiago,Nazar,,,," +54 9 381 357-8029, +5493813578029","12/21/21, 10:35 PM",,,,,,,,
MOBILE_CONTACTS,David,Data Projet,,,," +54 9 381 584-3730, +54 9 381 584-3730","12/21/21, 10:35 PM",,,,,,,,
MOBILE_CONTACTS,,Ecosport,,,,3814623632,"12/21/21, 10:35 PM",,,,,,,,
MOBILE_CONTACTS,Tere,,,,, +543816561442,"12/21/21, 10:35 PM",,,,,,,,
MOBILE_CONTACTS,Augusto,Da Rocha,,,,381 401-6714,"12/21/21, 10:35 PM",,,,,,,,
MOBILE_CONTACTS,Paco,Galovar,,,,381 402-6599,"12/21/21, 10:35 PM",,,,,,,,
MOBILE_CONTACTS,Lourdes,Zelarayan,,,," +54 9 381 360-3010, +5493813603010","12/21/21, 10:35 PM",,,,,,,,
MOBILE_CONTACTS,Empresas,,,,,0800-123-3677,"12/21/21, 10:35 PM",,,,,,,,
MOBILE_CONTACTS,Telemarketing,,,,,0800-123-4284,"12/21/21, 10:35 PM",,,,,,,,
MOBILE_CONTACTS,Brian,Sanchez,,,, +5493814677175,"12/21/21, 10:35 PM",,,,,,,,
MOBILE_CONTACTS,Leandro,Coria,,,, +5493813328386,"12/21/21, 10:35 PM",,,,,,,,
MOBILE_CONTACTS,Maxi,Boxeo,,,, +54 9 381 624-5498,"12/21/21, 10:35 PM",,,,,,,,
MOBILE_CONTACTS,Gustavo,,,,,381 330-7004,"12/21/21, 10:35 PM",,,,,,,,
MOBILE_CONTACTS,Marco,Soto,,,, +54 9 381 597-2184,"12/21/21, 10:35 PM",,,,,,,,
MOBILE_CONTACTS,Gabriel,Gomeria,,,,3814020420,"12/21/21, 10:35 PM",,,,,,,,
MOBILE_CONTACTS,Escape,Deportivo,,,,3816316032,"12/21/21, 10:35 PM",,,,,,,,
MOBILE_CONTACTS,Ami,Basualdo,,,, +5493814187009,"12/21/21, 10:35 PM",,,,,,,,
MOBILE_CONTACTS,Cecilia,Zelarayan,,,, +5493815459420,"12/21/21, 10:35 PM",,,,,,,,
MOBILE_CONTACTS,Marco Soto?,,,,, +543815090037,"12/21/21, 10:35 PM",,,,,,,,
MOBILE_CONTACTS,Micaela,Romero,,,,"381 354-2947, 3813542947","12/21/21, 10:35 PM",,,,,,,,
MOBILE_CONTACTS,Rocio,Morales,,,, +54 9 381 630-9733,"12/21/21, 10:35 PM",,,,,,,,
MOBILE_CONTACTS,Teresa,Box,,,, +54 9 381 488-6257,"12/21/21, 10:35 PM",,,,,,,,
MOBILE_CONTACTS,Omar,Competicion,,,,381 319-9014,"12/21/21, 10:35 PM",,,,,,,,
MOBILE_CONTACTS,Natalia,Calivar,,,," +54 9 381 668-1323, +5493816681323","12/21/21, 10:35 PM",,,,,,,,
MOBILE_CONTACTS,Chapito,,,,, +5493814653434,"12/21/21, 10:35 PM",,,,,,,,
MOBILE_CONTACTS,July,Collados,,,," +54 9 381 609-4093, +5493816094093","12/21/21, 10:35 PM",,,,,,,,
MOBILE_CONTACTS,Manuel,Pucheta,,,,381 357-3153,"12/21/21, 10:35 PM",,,,,,,,
MOBILE_CONTACTS,Yanina,Gutierrez,,,," +54 9 381 522-4065, +5493815224065","12/21/21, 10:35 PM",,,,,,,,
MOBILE_CONTACTS,Guillermo,,,,, +54 9 381 641-8429,"12/21/21, 10:35 PM",,,,,,,,
MOBILE_CONTACTS,Lucas,Gordillo,,,, +5493815156594,"12/21/21, 10:35 PM",,,,,,,,
MOBILE_CONTACTS,Gi,Apas,,,, +54 9 381 454-4038,"12/21/21, 10:35 PM",,,,,,,,
MOBILE_CONTACTS,Mauro,Ruix,,,,381 515-4127,"12/21/21, 10:35 PM",,,,,,,,
MOBILE_CONTACTS,Diego,2,,,,381 638-5685,"12/21/21, 10:35 PM",,,,,,,,
MOBILE_CONTACTS,Marcos,Diaz,,,, +5493815460832,"12/21/21, 10:35 PM",,,,,,,,
MOBILE_CONTACTS,Pablo,Santo,,,, +54 9 381 669-5084,"12/21/21, 10:35 PM",,,,,,,,
MOBILE_CONTACTS,Eli,Moliana,,,, +54 9 381 549-4266,"12/21/21, 10:35 PM",,,,,,,,
MOBILE_CONTACTS,Manu,Araoz,,,, +5493816353102,"12/21/21, 10:35 PM",,,,,,,,
MOBILE_CONTACTS,Flor,Diaz,,,, +54 9 381 546-0849,"12/21/21, 10:35 PM",,,,,,,,
MOBILE_CONTACTS,Pamela,Aguilar,,,, +5493816601195,"12/21/21, 10:35 PM",,,,,,,,
MOBILE_CONTACTS,Papa,,,,,3816322026,"12/21/21, 10:35 PM",,,,,,,,
MOBILE_CONTACTS,Roli,Moran,,,, +5493814764546,"12/21/21, 10:35 PM",,,,,,,,
MOBILE_CONTACTS,Sabrina,Bustos,,,, +5493814680159,"12/21/21, 10:35 PM",,,,,,,,
MOBILE_CONTACTS,Lulu,Perez,,,, +5493814032508,"12/21/21, 10:35 PM",,,,,,,,
MOBILE_CONTACTS,Gerardo,,,,, +5493813423500,"12/21/21, 10:35 PM",,,,,,,,
MOBILE_CONTACTS,Faty,Rocha,,,, +54 9 381 448-4971,"12/21/21, 10:35 PM",,,,,,,,
MOBILE_CONTACTS,Mauricio,Rodriguez,,,, +54 9 381 351-2774,"12/21/21, 10:35 PM",,,,,,,,
MOBILE_CONTACTS,Erika,Rodriguez,,,, +5493814565115,"12/21/21, 10:35 PM",,,,,,,,
MOBILE_CONTACTS,Matias,Robles,,,, +5493813044334,"12/21/21, 10:35 PM",,,,,,,,
MOBILE_CONTACTS,Diego,Ovejero,,,, +5493816454351,"12/21/21, 10:35 PM",,,,,,,,
MOBILE_CONTACTS,Franco,Guzman,,,, +54 9 381 358-6905,"12/21/21, 10:35 PM",,,,,,,,
MOBILE_CONTACTS,Lucas,Lizarraga,,,, +54 9 381 637-5627,"12/21/21, 10:35 PM",,,,,,,,
MOBILE_CONTACTS,Matias,Gigena,,,, +54 9 381 512-6586,"12/21/21, 10:35 PM",,,,,,,,
MOBILE_CONTACTS,Zombi,,,,, +5493815199349,"12/21/21, 10:35 PM",,,,,,,,
MOBILE_CONTACTS,Ivan,Lope,,,, +5493815703384,"12/21/21, 10:35 PM",,,,,,,,
MOBILE_CONTACTS,Matias,Caldez,,,," +54 9 381 660-9735, +5493816609735","12/21/21, 10:35 PM",,,,,,,,
MOBILE_CONTACTS,Fredy,Llantas,,,,3816478737,"12/21/21, 10:35 PM",,,,,,,,
MOBILE_CONTACTS,Pamela,Gallo,,,," +54 9 381 595-1282, +5493815951282","12/21/21, 10:35 PM",,,,,,,,
MOBILE_CONTACTS,Palpitos,,,,,"381304-0659, 3813040659","12/21/21, 10:35 PM",,,,,,,,
MOBILE_CONTACTS,Consola,Romeo,,,,"11 3560-0876, 1135600876","12/21/21, 10:35 PM",,,,,,,,
MOBILE_CONTACTS,Remera,Termica,,,,"381 514-3406, 3815143406","12/21/21, 10:35 PM",,,,,,,,
MOBILE_CONTACTS,Motor,Keller,,,,"381 404-8432, 3814048432","12/21/21, 10:35 PM",,,,,,,,
MOBILE_CONTACTS,Sol,Maruf,,,, +5493816289290,"12/21/21, 10:35 PM",,,,,,,,
MOBILE_CONTACTS,Vero,Boxeo,,,,"381 622-5144, 3816225144","12/21/21, 10:35 PM",,,,,,,,
MOBILE_CONTACTS,Gabriel,Guillen,,,," +54 9 381 560-7411, +5493815607411","12/21/21, 10:35 PM",,,,,,,,
MOBILE_CONTACTS,Zapatillas,F5,,,,"381 649-9383, 3816499383","12/21/21, 10:35 PM",,,,,,,,
MOBILE_CONTACTS,Yiya,,,,," +54 9 381 594-5509, +5493815945509","12/21/21, 10:35 PM",,,,,,,,
MOBILE_CONTACTS,Yanina,Gonzalez,,,," +54 9 381 553-5211, +5493815535211","12/21/21, 10:35 PM",,,,,,,,
MOBILE_CONTACTS,Ximena,Barrientos,,,," +54 9 381 417-7951, +5493814177951","12/21/21, 10:35 PM",,,,,,,,
MOBILE_CONTACTS,Vero,Box,,,," +54 9 381 342-2280, +5493813422280","12/21/21, 10:35 PM",,,,,,,,
MOBILE_CONTACTS,Strong,Bull,,,," +54 9 381 649-1542, +5493816491542","12/21/21, 10:35 PM",,,,,,,,
MOBILE_CONTACTS,Sol,Castillo,,,, +5493816527731,"12/21/21, 10:35 PM",,,,,,,,
MOBILE_CONTACTS,Sofía,Diaz,,,," +54 9 381 668-4866, +5493816684866","12/21/21, 10:35 PM",,,,,,,,
MOBILE_CONTACTS,Silvina,Gonzalez,,,," +54 9 381 303-5789, +5493813035789","12/21/21, 10:35 PM",,,,,,,,
MOBILE_CONTACTS,Server,Personal,,,,381 392-5610,"12/21/21, 10:35 PM",,,,,,,,
MOBILE_CONTACTS,Roxi Vilte,Vilte,,,," +54 9 388 421-7800, +5493884217800","12/21/21, 10:35 PM",,,,,,,,
MOBILE_CONTACTS,Rodrigo,Cabrera,,,," +54 9 381 622-4597, +5493816224597","12/21/21, 10:35 PM",,,,,,,,
MOBILE_CONTACTS,Roberto,Veliz,,,," +54 9 381 601-0061, +5493816010061","12/21/21, 10:35 PM",,,,,,,,
MOBILE_CONTACTS,Remolque,Muñoz,,,,03814569400,"12/21/21, 10:35 PM",,,,,,,,
MOBILE_CONTACTS,Rafael,Rotger,,,," +54 9 381 636-8889, +5493816368889","12/21/21, 10:35 PM",,,,,,,,
MOBILE_CONTACTS,Pri,Mittleman,,,, +5493816504828,"12/21/21, 10:35 PM",,,,,,,,
MOBILE_CONTACTS,,Peca 3 ,,,,"03815225242, 381 522-5242","12/21/21, 10:35 PM",,,,,,,,
MOBILE_CONTACTS,Pablo,Cerasuolo,,,, +5493816118687,"12/21/21, 10:35 PM",,,,,,,,
MOBILE_CONTACTS,Noe,Valdez,,,,381 336-1887,"12/21/21, 10:35 PM",,,,,,,,
MOBILE_CONTACTS,Nicolas,Rojas,,,," +54 9 381 345-6004, +5493813456004","12/21/21, 10:35 PM",,,,,,,,
MOBILE_CONTACTS,Nicolas,San Juan 150,,,," +54 9 381 617-2808, +5493816172808","12/21/21, 10:35 PM",,,,,,,,
MOBILE_CONTACTS,Negro,Berta,,,," +54 9 381 511-8904, +5493815118904","12/21/21, 10:35 PM",,,,,,,,
MOBILE_CONTACTS,Nahuel,Muñoz Ec1,,,," +54 9 381 339-7161, +5493813397161","12/21/21, 10:35 PM",,,,,,,,
MOBILE_CONTACTS,Nahir,Ganim,,,, +5493816328886,"12/21/21, 10:35 PM",,,,,,,,
MOBILE_CONTACTS,Milagros,Santana,,,," +54 9 381 546-3250, +5493815463250","12/21/21, 10:35 PM",,,,,,,,
MOBILE_CONTACTS,Matias,Argañaraz,,,," +54 9 381 569-9376, +5493815699376","12/21/21, 10:35 PM",,,,,,,,
MOBILE_CONTACTS,Matiaa,Robles,,,," +54 9 381 669-9070, +5493816699070","12/21/21, 10:35 PM",,,,,,,,
MOBILE_CONTACTS,Martin P. A,A,,,, +5493815439450,"12/21/21, 10:35 PM",,,,,,,,
MOBILE_CONTACTS,Mariano,Molizia,,,," +54 9 381 337-5740, +5493813375740","12/21/21, 10:35 PM",,,,,,,,
MOBILE_CONTACTS,Marianela,Gomez,,,,3865655849,"12/21/21, 10:35 PM",,,,,,,,
MOBILE_CONTACTS,Marcos,Pirani,,,," +54 9 381 656-0900, +5493816560900","12/21/21, 10:35 PM",,,,,,,,
MOBILE_CONTACTS,Marcos,Nazar,,,," +54 9 381 628-7712, +5493816287712","12/21/21, 10:35 PM",,,,,,,,
MOBILE_CONTACTS,Marcio,Olveira,,,," +54 9 381 406-2717, +5493814062717","12/21/21, 10:35 PM",,,,,,,,
MOBILE_CONTACTS,Marcelo,Cabrera,,,," +54 9 381 304-0016, +5493813040016","12/21/21, 10:35 PM",,,,,,,,
MOBILE_CONTACTS,Manzur,Box,,,,"381 570-3408, 3815703408","12/21/21, 10:35 PM",,,,,,,,
MOBILE_CONTACTS,Manu,Santi,,,," +54 9 381 598-5662, +5493815985662","12/21/21, 10:35 PM",,,,,,,,
MOBILE_CONTACTS,Luz,Schenberger,,,, +5493815413529,"12/21/21, 10:35 PM",,,,,,,,
MOBILE_CONTACTS,Lourdes,Sendin,,,," +54 9 381 581-7346, +5493815817346","12/21/21, 10:35 PM",,,,,,,,
MOBILE_CONTACTS,Llantas,Alfa Romeo,,,,"11 6707-5724, 1167075724","12/21/21, 10:35 PM",,,,,,,,
MOBILE_CONTACTS,Leandro,Herrera,,,," +54 9 381 441-5680, +5493814415680","12/21/21, 10:35 PM",,,,,,,,
MOBILE_CONTACTS,Comisaria V.,M,,,,437-1061,"12/21/21, 10:35 PM",,,,,,,,
MOBILE_CONTACTS,Pablo,Cordoba,,,,"351 791-2461, 3517912461","12/21/21, 10:35 PM",,,,,,,,
MOBILE_CONTACTS,Cristian,Reinoso,,,," +54 9 381 634-3652, +5493816343652","12/21/21, 10:35 PM",,,,,,,,
MOBILE_CONTACTS,Castillo,Nick,,,,266 441-2389,"12/21/21, 10:35 PM",,,,,,,,
MOBILE_CONTACTS,Martin,Romeo,,,,1158598432,"12/21/21, 10:35 PM",,,,,,,,
MOBILE_CONTACTS,Franco,Ec1,,,," +54 9 381 562-5321, +5493815625321","12/21/21, 10:35 PM",,,,,,,,
MOBILE_CONTACTS,Luis,Paz,,,, +54 9 381 476-1428,"12/21/21, 10:35 PM",,,,,,,,
MOBILE_CONTACTS,Juan,Ledesma,,,," +54 9 381 465-1926, +5493814651926","12/21/21, 10:35 PM",,,,,,,,
MOBILE_CONTACTS,Enzo,Brito,,,, +54 9 381 472-1370,"12/21/21, 10:35 PM",,,,,,,,
MOBILE_CONTACTS,Casino,Palpitos,,,," +54 9 381 586-1180, +5493815861180","12/21/21, 10:35 PM",,,,,,,,
MOBILE_CONTACTS,207,Chocado,,,,3816490032,"12/21/21, 10:35 PM",,,,,,,,
MOBILE_CONTACTS,Cliente,Agostina,,,,3865570777,"12/21/21, 10:35 PM",,,,,,,,
MOBILE_CONTACTS,Luis Yerno,Pons,,,," +54 9 381 474-2005, +5493814742005","12/21/21, 10:35 PM",,,,,,,,
MOBILE_CONTACTS,Kiki,Projet,,,," +54 9 381 549-5016, +5493815495016","12/21/21, 10:35 PM",,,,,,,,
MOBILE_CONTACTS,Rodrigo,Gibilisco,,,, +543814792469,"12/21/21, 10:35 PM",,,,,,,,
MOBILE_CONTACTS,Nahuel,Toranzo,,,," +54 9 381 574-4194, +5493815744194","12/21/21, 10:35 PM",,,,,,,,
MOBILE_CONTACTS,Fatima,Gramajo,,,," +54 9 381 622-4082, +5493816224082","12/21/21, 10:35 PM",,,,,,,,
MOBILE_CONTACTS,Ricardo,Garrido,,,," +54 9 381 564-0718, +5493815640718","12/21/21, 10:35 PM",,,,,,,,
MOBILE_CONTACTS,Agustin,Garcia,,,," +54 9 381 689-7763, +5493816897763","12/21/21, 10:35 PM",,,,,,,,
MOBILE_CONTACTS,Papilo,,,,,"381 324-0540, 3813240540","12/21/21, 10:35 PM",,,,,,,,
MOBILE_CONTACTS,IPTV 2,,,,,381 566-2329,"12/21/21, 10:35 PM",,,,,,,,
MOBILE_CONTACTS,Sra,Veliz,,,," +54 9 381 502-1212, +5493815021212","12/21/21, 10:35 PM",,,,,,,,
MOBILE_CONTACTS,Maxi,Sauma Eje 206,,,,"11 3625-4431, 1136254431","12/21/21, 10:35 PM",,,,,,,,
MOBILE_CONTACTS,Martin,Teléfono,,,,"381 644-8848, 3816448848","12/21/21, 10:35 PM",,,,,,,,
MOBILE_CONTACTS,Anita,Gallardini,,,," +54 9 381 519-8769, +5493815198769","12/21/21, 10:35 PM",,,,,,,,
MOBILE_CONTACTS,Dr,Castro,,,,"11 3414-4812, 1134144812","12/21/21, 10:35 PM",,,,,,,,
MOBILE_CONTACTS,Daniel,Casares,,,," +54 9 381 579-8340, +5493815798340","12/21/21, 10:35 PM",,,,,,,,
MOBILE_CONTACTS,Sofi,2,,,," +54 9 381 330-3879, +5493813303879","12/21/21, 10:35 PM",,,,,,,,
MOBILE_CONTACTS,Cesar,Alfa Romeo,,,,1169740082,"12/21/21, 10:35 PM",,,,,,,,
MOBILE_CONTACTS,Vap,Ijust,,,,381 531-9248,"12/21/21, 10:35 PM",,,,,,,,
MOBILE_CONTACTS,Esteban,Carabajal,,,, +54 9 381 364-8630,"12/21/21, 10:35 PM",,,,,,,,
MOBILE_CONTACTS,Martin,Rojas,,,," +54 9 381 333-4575, +5493813334575","12/21/21, 10:35 PM",,,,,,,,
MOBILE_CONTACTS,Plaza,Referi,,,, +5493865252193,"12/21/21, 10:35 PM",,,,,,,,
MOBILE_CONTACTS,Butacas,Romeo,,,,"348 450-1595, 3484501595","12/21/21, 10:35 PM",,,,,,,,
MOBILE_CONTACTS,Conty,Hayward,,,, +54 9 381 660-5920,"12/21/21, 10:35 PM",,,,,,,,
MOBILE_CONTACTS,Pollo,,,,," +54 9 381 339-8049, +5493813398049","12/21/21, 10:35 PM",,,,,,,,
MOBILE_CONTACTS,Marcos,Camisetas,,,,"381 575-1003, 3815751003","12/21/21, 10:35 PM",,,,,,,,
MOBILE_CONTACTS,Nicolas,Barrera,,,,"381 620-2636, 3816202636","12/21/21, 10:35 PM",,,,,,,,
MOBILE_CONTACTS,Aaron,Ospe,,,,"381 345-9669, 3813459669","12/21/21, 10:35 PM",,,,,,,,
MOBILE_CONTACTS,Sol,Moya,,,, +5493815542681,"12/21/21, 10:35 PM",,,,,,,,
MOBILE_CONTACTS,Marcelo Repuestos,As,,,,1121649669,"12/21/21, 10:35 PM",,,,,,,,
MOBILE_CONTACTS,Supervisor,Leiva,,,," +54 9 381 300-4946, +5493813004946","12/21/21, 10:35 PM",,,,,,,,
MOBILE_CONTACTS,Luciana,Palavecino,,,," +54 9 3858 45-3654, +5493858453654","12/21/21, 10:35 PM",,,,,,,,
MOBILE_CONTACTS,Orlando,Farias,,,, +5493815116983,"12/21/21, 10:35 PM",,,,,,,,
MOBILE_CONTACTS,Sergio,Jimenez,,,, +5493815529252,"12/21/21, 10:35 PM",,,,,,,,
MOBILE_CONTACTS,Fernanda,Costilla,,,," +54 9 381 612-6317, +5493816126317","12/21/21, 10:35 PM",,,,,,,,
MOBILE_CONTACTS,Marcelo,Persia,,,,"381 633-6027, 3816336027","12/21/21, 10:35 PM",,,,,,,,
MOBILE_CONTACTS,Flor,Osman,,,," +54 9 381 656-1705, +5493816561705","12/21/21, 10:35 PM",,,,,,,,
MOBILE_CONTACTS,Carlos,,,,,3816177673,"12/21/21, 10:35 PM",,,,,,,,
MOBILE_CONTACTS,Tiburón,Data Projet,,,," +54 9 381 584-5083, +5493815845083","12/21/21, 10:35 PM",,,,,,,,
MOBILE_CONTACTS,Claudia,Zelarayan,,,,381 679-3419,"12/21/21, 10:35 PM",,,,,,,,
MOBILE_CONTACTS,Pichu,Melian,,,," +54 9 381 515-3905, +5493815153905","12/21/21, 10:35 PM",,,,,,,,
MOBILE_CONTACTS,Delfin,,,,, +5493816254583,"12/21/21, 10:35 PM",,,,,,,,
MOBILE_CONTACTS,Julian,Martínez,,,, +5493813589020,"12/21/21, 10:35 PM",,,,,,,,
MOBILE_CONTACTS,Darío,Montero,,,,381 594-3680,"12/21/21, 10:35 PM",,,,,,,,
MOBILE_CONTACTS,Juan,Salvatierra,,,, +5493815556417,"12/21/21, 10:35 PM",,,,,,,,
MOBILE_CONTACTS,Paola,Garcia Ruiz,,,, +5493816721393,"12/21/21, 10:35 PM",,,,,,,,
MOBILE_CONTACTS,Stadium,,,,," +54 9 381 414-4943, +5493814144943","12/21/21, 10:35 PM",,,,,,,,
MOBILE_CONTACTS,Peugeot,Motor,,,,1159744858,"12/21/21, 10:35 PM",,,,,,,,
MOBILE_CONTACTS,Yanina,,,,,381 448-3647,"12/21/21, 10:35 PM",,,,,,,,
MOBILE_CONTACTS,Repuestos ,Alfa 146,,,,11 6837-0746,"12/21/21, 10:35 PM",,,,,,,,
MOBILE_CONTACTS,Alejandra,Navarro,,,," +54 9 381 609-8516, +5493816098516","12/21/21, 10:35 PM",,,,,,,,
MOBILE_CONTACTS,Angy,Zuzek,,,," +54 9 381 644-4824, +5493816444824","12/21/21, 10:35 PM",,,,,,,,
MOBILE_CONTACTS,CRISTO,GONNIM,,,,"3815169721, 4327981","12/21/21, 10:35 PM",,,,,,,,
MOBILE_CONTACTS,Samuel,Data ,,,, +54 9 381 647-4407,"12/21/21, 10:35 PM",,,,,,,,
MOBILE_CONTACTS,Luis,Ibañez,,,,"381 501-3196, 3815013196","12/21/21, 10:35 PM",,,,,,,,
MOBILE_CONTACTS,Debi,Correa,,,," +54 9 381 623-8924, +5493816238924","12/21/21, 10:35 PM",,,,,,,,
MOBILE_CONTACTS,Jose,Js,,,," +54 9 381 642-8654, +5493816428654","12/21/21, 10:35 PM",,,,,,,,
MOBILE_CONTACTS,Gabriela,Medrano,,,, +5493816090003,"12/21/21, 10:35 PM",,,,,,,,
MOBILE_CONTACTS,Benjamin,Cantos,,,," +54 9 381 505-8265, +5493815058265","12/21/21, 10:35 PM",,,,,,,,
MOBILE_CONTACTS,Empeño,,,,,381 457-8849,"12/21/21, 10:35 PM",,,,,,,,
MOBILE_CONTACTS,Chechu,Terminal,,,," +54 9 381 384-7306, +5493813847306","12/21/21, 10:35 PM",,,,,,,,
MOBILE_CONTACTS,Maximiliano,Mas,,,," +54 9 381 368-4083, +54 9 381 368-4083, +5493813684083","12/21/21, 10:35 PM",,,,,,,,
MOBILE_CONTACTS,Manuel,Pucheta,,,,"381 628-4519, 3816284519","12/21/21, 10:35 PM",,,,,,,,
MOBILE_CONTACTS,Wolverine,,,,, +5493814742869,"12/21/21, 10:35 PM",,,,,,,,
MOBILE_CONTACTS,Luciano Marcos,837,,,,"381 401-3037, 3814013037","12/21/21, 10:35 PM",,,,,,,,
MOBILE_CONTACTS,Maricel Scordo,Ponce,,,," +54 9 381 617-2892, +5493816172892","12/21/21, 10:35 PM",,,,,,,,
MOBILE_CONTACTS,David,Cortés,,,," +54 9 381 333-0765, +5493813330765","12/21/21, 10:35 PM",,,,,,,,
MOBILE_CONTACTS,381,586-1203,,,,3815861203,"12/21/21, 10:35 PM",,,,,,,,
MOBILE_CONTACTS,Karina,Claro,,,,381 530-3342,"12/21/21, 10:35 PM",,,,,,,,
MOBILE_CONTACTS,Ezequiel,Manotas Dj,,,,381 507-3578,"12/21/21, 10:35 PM",,,,,,,,
MOBILE_CONTACTS,Luciano,Pajon,,,," +54 9 381 633-8773, +5493816338773","12/21/21, 10:35 PM",,,,,,,,
MOBILE_CONTACTS,Agustin,Lamenz,,,,3815348752,"12/21/21, 10:35 PM",,,,,,,,
MOBILE_CONTACTS,yiya,2,,,," +54 9 381 462-3360, +5493814623360","12/21/21, 10:35 PM",,,,,,,,
MOBILE_CONTACTS,Alberto,Pan,,,," +54 9 381 610-1027, +5493816101027","12/21/21, 10:35 PM",,,,,,,,
MOBILE_CONTACTS,Tobias,Villafañe,,,," +54 9 381 625-2757, +5493816252757","12/21/21, 10:35 PM",,,,,,,,
MOBILE_CONTACTS,Cargador,Portatil,,,,"381 667-8814, 3816678814","12/21/21, 10:35 PM",,,,,,,,
MOBILE_CONTACTS,cafuu,nuevo,,,, +54 9 381 551-5806,"12/21/21, 10:35 PM",,,,,,,,
MOBILE_CONTACTS,Diablo,Erazo,,,," +54 9 381 417-0730, +5493814170730","12/21/21, 10:35 PM",,,,,,,,
MOBILE_CONTACTS,Anibal,,,,, +54 9 381 457-3639,"12/21/21, 10:35 PM",,,,,,,,
MOBILE_CONTACTS,Cecilia,Zelarayan,,,," +54 9 381 628-0395, +5493816280395","12/21/21, 10:35 PM",,,,,,,,
MOBILE_CONTACTS,El,Ingalina,,,," +54 9 381 361-6008, +5493813616008","12/21/21, 10:35 PM",,,,,,,,
MOBILE_CONTACTS,Keller,260,,,,"381 338-0007, 3813380007","12/21/21, 10:35 PM",,,,,,,,
MOBILE_CONTACTS,Andres,Grau,,,," +54 9 381 655-2664, +5493816552664","12/21/21, 10:35 PM",,,,,,,,
MOBILE_CONTACTS,Gonzalo,Estereo,,,,1122981011,"12/21/21, 10:35 PM",,,,,,,,
MOBILE_CONTACTS,Alejandro,Ruiz Data Projet,,,, +543816496537,"12/21/21, 10:35 PM",,,,,,,,
MOBILE_CONTACTS,emanuel,villafañe,,,," +54 9 381 660-1366, +54 9 381 369-7379, +5493813697379","12/21/21, 10:35 PM",,,,,,,,
MOBILE_CONTACTS,Paint,Plott,,,," +54 9 11 6735-3508, +5491167353508","12/21/21, 10:35 PM",,,,,,,,
MOBILE_CONTACTS,Anabel,Palma,,,, +5493815542265,"12/21/21, 10:35 PM",,,,,,,,
MOBILE_CONTACTS,Claudio,Personal,,,, +54 9 381 338-4427,"12/21/21, 10:35 PM",,,,,,,,
MOBILE_CONTACTS,Flor,Pereyra,,,, +5493816546676,"12/21/21, 10:35 PM",,,,,,,,
MOBILE_CONTACTS,Camila,Lima,,,," +54 9 381 541-0609, +5493815410609","12/21/21, 10:35 PM",,,,,,,,
MOBILE_CONTACTS,Lucho,Veliz,,,," +54 9 381 303-7317, +5493813037317","12/21/21, 10:35 PM",,,,,,,,
MOBILE_CONTACTS,Nicolas,Box,,,," +54 9 381 349-1855, +5493813491855","12/21/21, 10:35 PM",,,,,,,,
MOBILE_CONTACTS,Empeño,Luis,,,,3813490635,"12/21/21, 10:35 PM",,,,,,,,
MOBILE_CONTACTS,Acero,Cali,,,,"11 4030-1942, 1140301942","12/21/21, 10:35 PM",,,,,,,,
MOBILE_CONTACTS,Sabrina,Ec1,,,," +54 9 381 570-0097, +5493815700097","12/21/21, 10:35 PM",,,,,,,,
MOBILE_CONTACTS,Mayra,Ec1,,,," +54 9 381 446-8413, +5493814468413","12/21/21, 10:35 PM",,,,,,,,
MOBILE_CONTACTS,Pedro,Arias,,,," +54 9 381 350-6357, +5493813506357","12/21/21, 10:35 PM",,,,,,,,
MOBILE_CONTACTS,María,JS,,,," +54 9 381 549-4258, +5493815494258","12/21/21, 10:35 PM",,,,,,,,
MOBILE_CONTACTS,Julito,Fernández,,,," +54 9 381 464-2639, +5493814642639","12/21/21, 10:35 PM",,,,,,,,
MOBILE_CONTACTS,Cristian,Inyectores,,,,"381 532-5847, 3815325847","12/21/21, 10:35 PM",,,,,,,,
MOBILE_CONTACTS,Andrea,Leguizamon,,,," +54 9 381 691-9002, +5493816919002","12/21/21, 10:35 PM",,,,,,,,
MOBILE_CONTACTS,Emmanuel,Melian,,,," +54 9 381 354-9121, +5493813549121","12/21/21, 10:35 PM",,,,,,,,
MOBILE_CONTACTS,Ceci,Sotelo,,,," +54 9 381 520-7515, +5493815207515","12/21/21, 10:35 PM",,,,,,,,
MOBILE_CONTACTS,Matias,Rugby,,,,3813609512,"12/21/21, 10:35 PM",,,,,,,,
MOBILE_CONTACTS,Alfredo,Ecosport,,,,3815450939,"12/21/21, 10:35 PM",,,,,,,,
MOBILE_CONTACTS,Fernando,Medina,,,,"381 531-0499, 3815310499","12/21/21, 10:35 PM",,,,,,,,
MOBILE_CONTACTS,Agostina,Melian,,,, +5493816618591,"12/21/21, 10:35 PM",,,,,,,,
MOBILE_CONTACTS,Chacabuco,,,,,3816613549,"12/21/21, 10:35 PM",,,,,,,,
MOBILE_CONTACTS,Auricular,Bluetooth 21,,,,3816157141,"12/21/21, 10:35 PM",,,,,,,,
MOBILE_CONTACTS,Mayra,Jimenez,,,," +54 9 381 350-0434, +5493813500434","12/21/21, 10:35 PM",,,,,,,,
MOBILE_CONTACTS,Abuela,Castorcita,,,," +54 9 381 598-3224, +5493815983224","12/21/21, 10:35 PM",,,,,,,,
MOBILE_CONTACTS,381,668-6578,,,,3816686578,"12/21/21, 10:35 PM",,,,,,,,
MOBILE_CONTACTS,Julio,Fernandez,,,, +5493815714211,"12/21/21, 10:35 PM",,,,,,,,
MOBILE_CONTACTS,Catamarca,Remolques,,,,3834522722,"12/21/21, 10:35 PM",,,,,,,,
MOBILE_CONTACTS,Marcio,,,,, +5493814023997,"12/21/21, 10:35 PM",,,,,,,,
MOBILE_CONTACTS,Marian,Locos X El Brillo,,,,1131610490,"12/21/21, 10:35 PM",,,,,,,,
MOBILE_CONTACTS,Claudio,RM,,,," +54 9 381 571-3642, +5493815713642","12/21/21, 10:35 PM",,,,,,,,
MOBILE_CONTACTS,Martin,Guerra,,,," +54 9 381 663-7449, +5493816637449","12/21/21, 10:35 PM",,,,,,,,
MOBILE_CONTACTS,Autopartes,,,,,381 667-0865,"12/21/21, 10:35 PM",,,,,,,,
MOBILE_CONTACTS,Fabricio,Ec1,,,," +54 9 381 474-6051, +5493814746051","12/21/21, 10:35 PM",,,,,,,,
MOBILE_CONTACTS,Godoy,(BENJA),,,," +54 9 381 360-2829, +5493813602829","12/21/21, 10:35 PM",,,,,,,,
MOBILE_CONTACTS,Dante,Ayala,,,, +54 9 381 354-4352,"12/21/21, 10:35 PM",,,,,,,,
MOBILE_CONTACTS,Tano,Busto,,,,3815422400,"12/21/21, 10:35 PM",,,,,,,,
MOBILE_CONTACTS,Silvina,Claro,,,," +54 9 381 579-3642, +5493815793642","12/21/21, 10:35 PM",,,,,,,,
MOBILE_CONTACTS,Gisell,Gonzalez,,,, +5493816533388,"12/21/21, 10:35 PM",,,,,,,,
MOBILE_CONTACTS,Dra,Huerta,,,," +54 9 381 511-1593, +5493815111593","12/21/21, 10:35 PM",,,,,,,,
MOBILE_CONTACTS,Cesar,Js,,,," +54 9 381 509-4050, +5493815094050","12/21/21, 10:35 PM",,,,,,,,
MOBILE_CONTACTS,Pamela,Aguilar,,,," +54 9 381 301-4530, +5493813014530","12/21/21, 10:35 PM",,,,,,,,
MOBILE_CONTACTS,Agustin,Festina,,,,"381 337-7067, 3813377067","12/21/21, 10:35 PM",,,,,,,,
MOBILE_CONTACTS,Vinil,Shop,,,,"2266 47-4471, 2266474471","12/21/21, 10:35 PM",,,,,,,,
MOBILE_CONTACTS,Pablo,Projet(Bicho),,,,381 358-3966,"12/21/21, 10:35 PM",,,,,,,,
MOBILE_CONTACTS,Dirección,206,,,,"260 449-8234, 2604498234","12/21/21, 10:35 PM",,,,,,,,
MOBILE_CONTACTS,Matías,Super,,,," +54 9 381 634-7997, +5493816347997","12/21/21, 10:35 PM",,,,,,,,
MOBILE_CONTACTS,Heladera,Exhibidora,,,,"388 518-0800, 3885180800","12/21/21, 10:35 PM",,,,,,,,
MOBILE_CONTACTS,Nico,Projet,,,," +54 9 381 201-7679, +5493812017679","12/21/21, 10:35 PM",,,,,,,,
MOBILE_CONTACTS,Matias,Jarillo,,,," +54 9 381 666-7287, +5493816667287","12/21/21, 10:35 PM",,,,,,,,
MOBILE_CONTACTS,Alberto Romano,Comisario,,,,"381 640-2851, 3816402851","12/21/21, 10:35 PM",,,,,,,,
MOBILE_CONTACTS,Préstamo,,,,,381 577-5499,"12/21/21, 10:35 PM",,,,,,,,
MOBILE_CONTACTS,luciano,muñiz,,,luchopadua61@gmail.com,"11 3372-8974, 1133728974","12/21/21, 10:35 PM",,,,,,,,
MOBILE_CONTACTS,Roli,Moran,,,," +54 9 381 202-4412, +5493812024412","12/21/21, 10:35 PM",,,,,,,,
MOBILE_CONTACTS,Aaron,Remolque Catamarca,,,,3834967596,"12/21/21, 10:35 PM",,,,,,,,
MOBILE_CONTACTS,Rodrigo,Tapia,,,," +54 9 381 315-5848, +5493813155848","12/21/21, 10:35 PM",,,,,,,,
MOBILE_CONTACTS,Miguel,Projet,,,," +54 9 381 415-4557, +5493814154557","12/21/21, 10:35 PM",,,,,,,,
MOBILE_CONTACTS,Esteban,Ec1,,,, +54 9 381 635-1859,"12/21/21, 10:35 PM",,,,,,,,
MOBILE_CONTACTS,Lucia,Clericci,,,," +54 9 381 300-3218, +5493813003218","12/21/21, 10:35 PM",,,,,,,,
MOBILE_CONTACTS,Remeras,,,,,"381 456-7125, 3814567125","12/21/21, 10:35 PM",,,,,,,,
MOBILE_CONTACTS,Ariel,Camacho,,,,"381 465-6505, 3814656505","12/21/21, 10:35 PM",,,,,,,,
MOBILE_CONTACTS,Maxi,Tae Kwon Do,,,," +54 9 381 586-2228, +5493815862228","12/21/21, 10:35 PM",,,,,,,,
MOBILE_CONTACTS,Jose,Ec1,,,," +54 9 381 574-1424, +5493815741424","12/21/21, 10:35 PM",,,,,,,,
MOBILE_CONTACTS,Marcos,Soto,,,, +5493816429448,"12/21/21, 10:35 PM",,,,,,,,
MOBILE_CONTACTS,Fotocopia,,,,,"381 354-8553, 3813548553","12/21/21, 10:35 PM",,,,,,,,
MOBILE_CONTACTS,Juan Carlos,Ro,,,,3815122958,"12/21/21, 10:35 PM",,,,,,,,
MOBILE_CONTACTS,Mario,Romeo,,,,"388 467-7318, 3884677318","12/21/21, 10:35 PM",,,,,,,,
MOBILE_CONTACTS,Dai,Luna,,,," +54 9 381 393-3955, +5493813933955","12/21/21, 10:35 PM",,,,,,,,
MOBILE_CONTACTS,Lourdes,Zelarayan,,,, +54 9 381 621-1281,"12/21/21, 10:35 PM",,,,,,,,
MOBILE_CONTACTS,Franko,,,,, +5493816658310,"12/21/21, 10:35 PM",,,,,,,,
MOBILE_CONTACTS,Matias,Farias,,,, +5493815047627,"12/21/21, 10:35 PM",,,,,,,,
MOBILE_CONTACTS,Javier,Valdez,,,," +54 9 381 645-3723, +5493816453723","12/21/21, 10:35 PM",,,,,,,,
MOBILE_CONTACTS,Pantalón,Atletico,,,,381 335-8082,"12/21/21, 10:35 PM",,,,,,,,
MOBILE_CONTACTS,Casa,,,,,439-7038,"12/21/21, 10:35 PM",,,,,,,,
MOBILE_CONTACTS,Http,Server,,,,"381 202-9474, 3812029474","12/21/21, 10:35 PM",,,,,,,,
MOBILE_CONTACTS,Lourdes,Hna,,,, +5493812065650,"12/21/21, 10:35 PM",,,,,,,,
MOBILE_CONTACTS,Claudia,Zelarayan,,,,3816793419,"12/21/21, 10:35 PM",,,,,,,,
MOBILE_CONTACTS,Mpa,,,,,11 7201-0101,"12/21/21, 10:35 PM",,,,,,,,
MOBILE_CONTACTS,Nano,Caldez,,,," +54 9 381 610-2423, +5493816102423","12/21/21, 10:35 PM",,,,,,,,
MOBILE_CONTACTS,Eco,Ecosport,,,,"381 417-3734, 3814173734","12/21/21, 10:35 PM",,,,,,,,
MOBILE_CONTACTS,Tikitos,,,,," +54 9 381 553-3618, +5493815533618","12/21/21, 10:35 PM",,,,,,,,
MOBILE_CONTACTS,Roberto,Seguridad,,,," +54 9 381 302-1396, +5493813021396","12/21/21, 10:35 PM",,,,,,,,
MOBILE_CONTACTS,Notebook,Bgh,,,,"3888 44-5044, 3888445044","12/21/21, 10:35 PM",,,,,,,,
MOBILE_CONTACTS,,,,,,381 580-7603,"12/21/21, 10:35 PM",,,,,,,,
MOBILE_CONTACTS,Andres,Festina,,,,3814065426,"12/21/21, 10:35 PM",,,,,,,,
MOBILE_CONTACTS,Facundo,(Zombi),,,,"381 346-4136, 3813464136","12/21/21, 10:35 PM",,,,,,,,
MOBILE_CONTACTS,Chamit,Seguridad,,,, +54 9 381 352-7263,"12/21/21, 10:35 PM",,,,,,,,
MOBILE_CONTACTS,Miguel,Cubierta,,,,3814884363,"12/21/21, 10:35 PM",,,,,,,,
MOBILE_CONTACTS,Campera,Rusia,,,,381 613-3561,"12/21/21, 10:35 PM",,,,,,,,
MOBILE_CONTACTS,Timba ,Seguridad,,,, +54 9 381 630-6143,"12/21/21, 10:35 PM",,,,,,,,
MOBILE_CONTACTS,Silvina,Calderon,,,, +54 9 3858 40-4782,"12/21/21, 10:35 PM",,,,,,,,
MOBILE_CONTACTS,Daniela ,Humacata,,,, +5493813358151,"12/21/21, 10:35 PM",,,,,,,,
MOBILE_CONTACTS,Facundo ,Argañaraz,,,, +54 9 381 511-5910,"12/21/21, 10:35 PM",,,,,,,,
MOBILE_CONTACTS,Julian,Martínez,,,, +54 9 381 358-9020,"12/21/21, 10:35 PM",,,,,,,,
MOBILE_CONTACTS,Priscilla ,Velardez,,,, +5493813858387,"12/21/21, 10:35 PM",,,,,,,,
MOBILE_CONTACTS,Personal,Vpn,,,,"3813435719, +54 9 381 343-5719","12/21/21, 10:35 PM",,,,,,,,
MOBILE_CONTACTS,Roldan,Benja,,,, +543815236109,"12/21/21, 10:35 PM",,,,,,,,
MOBILE_CONTACTS,Alfa,Romeo Tren Delantero,,,,1167855011,"12/21/21, 10:35 PM",,,,,,,,
MOBILE_CONTACTS,Peugeot,Fundido,,,,3814650727,"12/21/21, 10:35 PM",,,,,,,,
MOBILE_CONTACTS,,,,,,381 668-6578,"12/21/21, 10:35 PM",,,,,,,,
MOBILE_CONTACTS,Ford,Cabriolet,,,,3834431282,"12/21/21, 10:35 PM",,,,,,,,
MOBILE_CONTACTS,Seba,Data Projet,,,, +54 9 381 363-9979,"12/21/21, 10:35 PM",,,,,,,,
MOBILE_CONTACTS,Rubencito,,,,,3813639638,"12/21/21, 10:35 PM",,,,,,,,
MOBILE_CONTACTS,Daniel ,Morales Data Projet,,,, +54 9 381 577-8610,"12/21/21, 10:35 PM",,,,,,,,
MOBILE_CONTACTS,Casino,,,,,"2983343285, 2983 34-3285","12/21/21, 10:35 PM",,,,,,,,
MOBILE_CONTACTS,Ruben,Data Projet,,,, +54 9 381 351-0256,"12/21/21, 10:35 PM",,,,,,,,
MOBILE_CONTACTS,,,,,,3815431999,"12/21/21, 10:35 PM",,,,,,,,
MOBILE_CONTACTS,Cristián,Seguridad,,,, +54 9 3491 54-3464,"12/21/21, 10:35 PM",,,,,,,,
MOBILE_CONTACTS,IPTV,,,,,381 516-3632,"12/21/21, 10:35 PM",,,,,,,,
MOBILE_CONTACTS,Julio,Villagra,,,,"381 463-3692, 3814633692","12/21/21, 10:35 PM",,,,,,,,
MOBILE_CONTACTS,Bart,Data Projet,,,, +54 9 381 350-1604,"12/21/21, 10:35 PM",,,,,,,,
MOBILE_CONTACTS,Chino,Data Projet,,,, +5493815765828,"12/21/21, 10:35 PM",,,,,,,,
MOBILE_CONTACTS,Mesa,,,,, +54 98001227336,"12/21/21, 10:35 PM",,,,,,,,
MOBILE_CONTACTS,Emanuel,Corporat,,,," +54 9 381 584-6381, +5493815846381","12/21/21, 10:35 PM",,,,,,,,
MOBILE_CONTACTS,,,,,,381 544-2720,"12/21/21, 10:35 PM",,,,,,,,
MOBILE_CONTACTS,,,,,,381 682-424,"12/21/21, 10:35 PM",,,,,,,,
MOBILE_CONTACTS,Cancha,Jujuy,,,, +54 9 381 586-7671,"12/21/21, 10:35 PM",,,,,,,,
MOBILE_CONTACTS,,,,,,3815358777,"12/21/21, 10:35 PM",,,,,,,,
MOBILE_CONTACTS,,,,,,381 498-8820,"12/21/21, 10:35 PM",,,,,,,,
MOBILE_CONTACTS,Pulido,Opticas,,,,381 621-2623,"12/21/21, 10:35 PM",,,,,,,,
MOBILE_CONTACTS,Emmanuel,Paez,,,, +54 9 381 475-5298,"12/21/21, 10:35 PM",,,,,,,,
MOBILE_CONTACTS,Andrea,Data Projet,,,, +54 9 381 698-7988,"12/21/21, 10:35 PM",,,,,,,,
MOBILE_CONTACTS,Claro,Monica,,,,3844 42-668,"12/21/21, 10:35 PM",,,,,,,,
MOBILE_CONTACTS,Pablo,Data Projekt,,,, +54 9 381 304-3177,"12/21/21, 10:35 PM",,,,,,,,
MOBILE_CONTACTS,,,,,,3815773766,"12/21/21, 10:35 PM",,,,,,,,
MOBILE_CONTACTS,,,,,,381 586-1203,"12/21/21, 10:35 PM",,,,,,,,
MOBILE_CONTACTS,Camiseta,Atu,,,,3815086880,"12/21/21, 10:35 PM",,,,,,,,
MOBILE_CONTACTS,David,Sotelo,,,,381 652-3350,"12/21/21, 10:35 PM",,,,,,,,
MOBILE_CONTACTS,,,,,,381 627-1182,"12/21/21, 10:35 PM",,,,,,,,
MOBILE_CONTACTS,Tornado,,,,,381 330-9845,"12/21/21, 10:35 PM",,,,,,,,
MOBILE_CONTACTS,Camiseta ,Atlético,,,,3816784111,"12/21/21, 10:35 PM",,,,,,,,
MOBILE_CONTACTS,Maricel,Scordo,,,,381 652-4748,"12/21/21, 10:35 PM",,,,,,,,
MOBILE_CONTACTS,Luciano,Gomez Aranda,,,, +54 9 381 526-6735,"12/21/21, 10:35 PM",,,,,,,,
MOBILE_CONTACTS,Alejandra,Espinoza,,,," +54 9 381 417-5306, +5493814175306","5/28/23, 9:37 PM",,,,,,,,
MOBILE_CONTACTS,David,Gomez Tedeschi,,,," +54 9 381 475-5291, +5493814755291","5/28/23, 9:37 PM",,,,,,,,
MOBILE_CONTACTS,Marcos,Camisetas,,,,"381 575-1003, 3815751003","5/28/23, 9:37 PM",,,,,,,,
MOBILE_CONTACTS,Chamit,Seguridad,,,, +54 9 381 352-7263,"5/28/23, 9:37 PM",,,,,,,,
MOBILE_CONTACTS,Rodrigo,Cabrera,,,," +54 9 381 622-4597, +5493816224597","5/28/23, 9:37 PM",,,,,,,,
MOBILE_CONTACTS,Marcos,Budin,,,," +54 9 381 513-7974, +5493815137974","5/28/23, 9:37 PM",,,,,,,,
MOBILE_CONTACTS,Ezequiel,Manotas Dj,,,,381 507-3578,"5/28/23, 9:37 PM",,,,,,,,
MOBILE_CONTACTS,Lucia,Clericci,,,," +54 9 381 300-3218, +5493813003218","5/28/23, 9:37 PM",,,,,,,,
MOBILE_CONTACTS,Daiana,Lazarte,,,, +54 9 381 476-4904,"5/28/23, 9:37 PM",,,,,,,,
MOBILE_CONTACTS,Flor,Osman,,,," +54 9 381 656-1705, +5493816561705","5/28/23, 9:37 PM",,,,,,,,
MOBILE_CONTACTS,Maricel Scordo,Ponce,,,," +54 9 381 617-2892, +5493816172892","5/28/23, 9:37 PM",,,,,,,,
MOBILE_CONTACTS,Matias,Jarillo,,,," +54 9 381 666-7287, +5493816667287","5/28/23, 9:37 PM",,,,,,,,
MOBILE_CONTACTS,Priscilla ,Velardez,,,, +5493813858387,"5/28/23, 9:37 PM",,,,,,,,
MOBILE_CONTACTS,Marcos,Soto,,,, +5493816429448,"5/28/23, 9:37 PM",,,,,,,,
MOBILE_CONTACTS,Luz,Schenberger,,,, +5493815413529,"5/28/23, 9:37 PM",,,,,,,,
MOBILE_CONTACTS,Daiana ,Lazarte,,,, +54 9 381 641-9237,"5/28/23, 9:37 PM",,,,,,,,
MOBILE_CONTACTS,Marcos,Nazar,,,," +54 9 381 628-7712, +5493816287712","5/28/23, 9:37 PM",,,,,,,,
MOBILE_CONTACTS,Augusto,Romero,,,," +54 9 381 675-6886, +5493816756886","5/28/23, 9:37 PM",,,,,,,,
MOBILE_CONTACTS,Andres,Festina,,,,3814065426,"5/28/23, 9:37 PM",,,,,,,,
MOBILE_CONTACTS,Roberto,Seguridad,,,," +54 9 381 302-1396, +5493813021396","5/28/23, 9:37 PM",,,,,,,,
MOBILE_CONTACTS,Andres,Grau,,,," +54 9 381 655-2664, +5493816552664","5/28/23, 9:37 PM",,,,,,,,
MOBILE_CONTACTS,Pantalón,Atletico,,,,381 335-8082,"5/28/23, 9:37 PM",,,,,,,,
MOBILE_CONTACTS,Santiago,Nazar,,,," +54 9 381 357-8029, +5493813578029","5/28/23, 9:37 PM",,,,,,,,
MOBILE_CONTACTS,Facundo ,Argañaraz,,,, +54 9 381 511-5910,"5/28/23, 9:37 PM",,,,,,,,
MOBILE_CONTACTS,Ceci,Sotelo,,,," +54 9 381 520-7515, +5493815207515","5/28/23, 9:37 PM",,,,,,,,
MOBILE_CONTACTS,Matias,Rugby,,,,3813609512,"5/28/23, 9:37 PM",,,,,,,,
MOBILE_CONTACTS,Ale,DP,,,," +54 9 381 359-4929, +5493813594929","5/28/23, 9:37 PM",,,,,,,,
MOBILE_CONTACTS,Gabriela,Medrano,,,, +5493816090003,"5/28/23, 9:37 PM",,,,,,,,
MOBILE_CONTACTS,Miguel,Cubierta,,,,3814884363,"5/28/23, 9:37 PM",,,,,,,,
MOBILE_CONTACTS,Sol,Moya,,,, +5493815542681,"5/28/23, 9:37 PM",,,,,,,,
MOBILE_CONTACTS,Campera,Rusia,,,,381 613-3561,"5/28/23, 9:37 PM",,,,,,,,
MOBILE_CONTACTS,Jose,Corbalan,,,, +5493816522395,"5/28/23, 9:37 PM",,,,,,,,
MOBILE_CONTACTS,Camila,Lima,,,," +54 9 381 541-0609, +5493815410609","5/28/23, 9:37 PM",,,,,,,,
MOBILE_CONTACTS,Alejandro,Seguridad,,,," +54 9 381 571-7150, +5493815717150","5/28/23, 9:37 PM",,,,,,,,
MOBILE_CONTACTS,Maxi,Tae Kwon Do,,,," +54 9 381 586-2228, +5493815862228","5/28/23, 9:37 PM",,,,,,,,
MOBILE_CONTACTS,Timba ,Seguridad,,,, +54 9 381 630-6143,"5/28/23, 9:37 PM",,,,,,,,
MOBILE_CONTACTS,Javier,Valdez,,,," +54 9 381 645-3723, +5493816453723","5/28/23, 9:37 PM",,,,,,,,
MOBILE_CONTACTS,Alejandro,Aguirre,,,," +54 9 381 387-4987, +5493813874987","5/28/23, 9:37 PM",,,,,,,,
MOBILE_CONTACTS,Marcos,Pirani,,,," +54 9 381 656-0900, +5493816560900","5/28/23, 9:37 PM",,,,,,,,
MOBILE_CONTACTS,Paola,Garcia Ruiz,,,, +5493816721393,"5/28/23, 9:37 PM",,,,,,,,
MOBILE_CONTACTS,Remera,Termica,,,,"381 514-3406, 3815143406","5/28/23, 9:37 PM",,,,,,,,
MOBILE_CONTACTS,Daniela ,Humacata,,,, +5493813358151,"5/28/23, 9:37 PM",,,,,,,,
MOBILE_CONTACTS,Facundo,(Zombi),,,,"381 346-4136, 3813464136","5/28/23, 9:37 PM",,,,,,,,
MOBILE_CONTACTS,Silvina,Calderon,,,, +54 9 3858 40-4782,"5/28/23, 9:37 PM",,,,,,,,
MOBILE_CONTACTS,Luciano,Pajon,,,," +54 9 381 633-8773, +5493816338773","5/28/23, 9:37 PM",,,,,,,,
MOBILE_CONTACTS,Ximena,Barrientos,,,," +54 9 381 417-7951, +5493814177951","5/28/23, 9:37 PM",,,,,,,,
MOBILE_CONTACTS,Marcio,Olveira,,,," +54 9 381 406-2717, +5493814062717","5/28/23, 9:37 PM",,,,,,,,
MOBILE_CONTACTS,Matias,Argañaraz,,,," +54 9 381 569-9376, +5493815699376","5/28/23, 9:37 PM",,,,,,,,
MOBILE_CONTACTS,Roxi Vilte,Vilte,,,," +54 9 388 421-7800, +5493884217800","5/28/23, 9:37 PM",,,,,,,,
MOBILE_CONTACTS,Agustin,Garcia,,,," +54 9 381 689-7763, +5493816897763","5/28/23, 9:37 PM",,,,,,,,
MOBILE_CONTACTS,Bot,,,,," +54 9 11 5667-7638, +5491156677638","5/24/23, 11:31 PM",,,,,,,,
MOBILE_CONTACTS,Recruiter,Brasil,,,, +55 95 93583-09,"5/18/23, 5:02 PM",,,,,,,,
MOBILE_CONTACTS,Santi,Ingles,,,," +54 9 223 422-6164, +5492234226164","5/12/23, 8:43 AM",,,,,,,,
MOBILE_CONTACTS,Sofi Rouges,Synagro,,,, +5493815023838,"5/6/23, 6:31 PM",,,,,,,,
MOBILE_CONTACTS,Doña,Aida,,,, +543816143132,"5/6/23, 6:31 PM",,,,,,,,
MOBILE_CONTACTS,Jere Sabatini,Synagro,,,, +5492983524485,"5/6/23, 6:31 PM",,,,,,,,
MOBILE_CONTACTS,Ivangellys,Synagro,,,, +5493814164450,"5/6/23, 6:31 PM",,,,,,,,
MOBILE_CONTACTS,Gabriel,Synagro,,,, +5493814191289,"4/17/23, 3:54 PM",,,,,,,,
MOBILE_CONTACTS,Sergio,Synagro,,,," +54 9 381 515-2100, +5493815152100","4/14/23, 9:00 AM",,,,,,,,
MOBILE_CONTACTS,Jose,Mecanico,,,,381 699-5140,"4/11/23, 9:42 AM",,,,,,,,
MOBILE_CONTACTS,Omar,Mecanico,,,," +54 9 381 650-6619, +5493816506619","4/10/23, 4:35 AM",,,,,,,,
MOBILE_CONTACTS,Eugenia,Synagro,,,," +54 9 381 669-4527, +5493816694527","4/5/23, 2:57 AM",,,,,,,,
MOBILE_CONTACTS,Luis,Uber,,,,"381 419-8177, 3814198177","3/30/23, 4:49 PM",,,,,,,,
MOBILE_CONTACTS,Inés De Larminat,Synagro,,,," +54 9 11 5313-6456, +5491153136456","3/23/23, 7:02 AM",,,,,,,,
MOBILE_CONTACTS,Fredy Salazar,Synagro,,,," +54 9 381 401-8600, +5493814018600","3/16/23, 4:46 PM",,,,,,,,
MOBILE_CONTACTS,Guille,Synagro,,,,"342 527-2931, 3425272931","3/16/23, 4:46 PM",,,,,,,,
MOBILE_CONTACTS,Silvina,Synagro,,,," +54 9 3462 61-2903, +5493462612903","3/10/23, 9:07 AM",,,,,,,,
MOBILE_CONTACTS,Vanesa Maya,Synagro,,,," +54 9 381 506-3354, +5493815063354","3/10/23, 9:07 AM",,,,,,,,
MOBILE_CONTACTS,Javier,Synagro,,,," +54 9 381 401-7720, +5493814017720","3/10/23, 9:07 AM",,,,,,,,
MOBILE_CONTACTS,Agus Mesa,Synagro,,,," +54 9 381 595-7279, +5493815957279","3/10/23, 9:07 AM",,,,,,,,
MOBILE_CONTACTS,Proagro,Maria,,,," +54 9 381 663-5876, +5493816635876","3/10/23, 9:07 AM",,,,,,,,
MOBILE_CONTACTS,ProAgro,Cobranzas,,,," +54 9 381 517-3486, +5493815173486","3/8/23, 8:22 AM",,,,,,,,
MOBILE_CONTACTS,Mario Merletti,Synagro,,,," +54 9 381 479-8132, +5493814798132","3/7/23, 4:56 PM",,,,,,,,
MOBILE_CONTACTS,Josue,Synagro,,,," +54 9 381 686-8588, +5493816868588","2/17/23, 5:46 AM",,,,,,,,
MOBILE_CONTACTS,Juan M Ponce,Synagro,,,," +54 9 381 621-2917, +5493816212917","2/17/23, 5:46 AM",,,,,,,,
MOBILE_CONTACTS,Emii,Synagro,,,," +54 9 381 540-2873, +5493815402873","2/17/23, 5:46 AM",,,,,,,,
MOBILE_CONTACTS,Ro Iosa,Synagro,,,," +54 9 381 564-0205, +5493815640205","2/10/23, 3:40 AM",,,,,,,,
MOBILE_CONTACTS,Ivi Gutiérrez Albornoz,Synagro,,,," +54 9 381 356-9531, +5493813569531","2/10/23, 3:40 AM",,,,,,,,
MOBILE_CONTACTS,Ramon,Synagro,,,," +54 9 381 663-5521, +5493816635521","2/10/23, 3:40 AM",,,,,,,,
MOBILE_CONTACTS,Sergio,Synagro,,,," +54 9 381 515-2100, +5493815152100","2/10/23, 3:40 AM",,,,,,,,
MOBILE_CONTACTS,Josue Escobar -,Synagro,,,," +54 9 381 300-2676, +5493813002676","2/10/23, 3:40 AM",,,,,,,,
MOBILE_CONTACTS,fer gallo cainzo,Synagro,,,," +54 9 381 510-4838, +5493815104838","2/10/23, 3:40 AM",,,,,,,,
MOBILE_CONTACTS,Exequiel,Synagro,,,," +54 9 381 653-2607, +5493816532607","2/10/23, 3:40 AM",,,,,,,,
MOBILE_CONTACTS,Meli MA,Synagro,,,," +54 9 381 526-1020, +5493815261020","2/9/23, 8:15 AM",,,,,,,,
MOBILE_CONTACTS,Cande Leal,Synagro,,,," +54 9 381 586-4915, +5493815864915","2/9/23, 8:15 AM",,,,,,,,
MOBILE_CONTACTS,Yani,Synagro,,,," +54 9 381 597-4648, +5493815974648","2/7/23, 1:42 AM",,,,,,,,
MOBILE_CONTACTS,Juli,Synagro,,,," +54 9 381 519-6813, +5493815196813","2/7/23, 1:42 AM",,,,,,,,
MOBILE_CONTACTS,Lucia Reynaga,Synagro,,,," +54 9 381 550-9696, +5493815509696","2/7/23, 1:42 AM",,,,,,,,
MOBILE_CONTACTS,Juan Manuel,Synagro,,,," +54 9 381 415-3028, +5493814153028","2/7/23, 1:42 AM",,,,,,,,
MOBILE_CONTACTS,Gabo Alaniz Synagro,IT,,,," +54 9 381 617-3381, +5493816173381","2/7/23, 1:42 AM",,,,,,,,
MOBILE_CONTACTS,Carlos Alvarez,Synagro,,,," +54 9 381 534-8804, +5493815348804","2/7/23, 1:42 AM",,,,,,,,
MOBILE_CONTACTS,Adriana Paredes,Synagro,,,," +54 9 381 581-6188, +5493815816188","1/27/23, 2:36 PM",,,,,,,,
MOBILE_CONTACTS,Sofia,Synagro,,,," +54 9 381 681-1386, +5493816811386","1/27/23, 2:36 PM",,,,,,,,
MOBILE_CONTACTS,Omar,Boxeo,,,,"381 668-6960, 3816686960","1/18/23, 11:38 PM",,,,,,,,
MOBILE_CONTACTS,Martin,Kumara,,,," +54 9 381 665-1852, +5493816651852","1/18/23, 7:19 AM",,,,,,,,
MOBILE_CONTACTS,Kumara,5500,,,,"381 665-1862, 3816651862","1/18/23, 7:19 AM",,,,,,,,
MOBILE_CONTACTS,Repuesto,jm,,,,"381 657-5486, 3816575486","1/3/23, 8:46 AM",,,,,,,,
MOBILE_CONTACTS,Cable,Usb,,,,"381 206-9007, 3812069007","12/24/22, 7:06 PM",,,,,,,,
