From,To,Sent At,Message,Direction
Fernando Nicolas Zelarayan,Gonzalo Araya,"5/27/23, 7:53 PM",,OUTGOING
Fernando Nicolas Zelarayan,Anaclara Rocha,"4/27/23, 6:21 AM",,OUTGOING
Fernando Nicolas Zelarayan,Sabrina Sastre,"3/28/23, 4:15 AM",,OUTGOING
Fernando Nicolas Zelarayan,Alejandro Vexler,"3/21/23, 9:53 AM",,OUTGOING
Fernando Nicolas Zelarayan,Rocio Bevilacqua,"3/14/23, 9:51 AM",,OUTGOING
Fernando Nicolas Zelarayan,Leonardo Javier Valdez,"3/12/23, 1:00 PM",,OUTGOING
Fernando Nicolas Zelarayan,Angel Ismaél Quiles,"3/8/23, 3:38 AM",,OUTGOING
Fernando Nicolas Zelarayan,Nuria Muñoz,"2/2/23, 12:26 AM",,OUTGOING
Fernando Nicolas Zelarayan,Josefina Manso,"1/23/23, 3:33 PM",,OUTGOING
Fernando Nicolas Zelarayan,Brenda Arias,"1/12/23, 2:19 AM",,OUTGOING
Fernando Nicolas Zelarayan,Agustina Di Masi,"1/12/23, 2:08 AM",,OUTGOING
Fernando Nicolas Zelarayan,Ignacio Rodrigo,"1/12/23, 2:08 AM",,OUTGOING
Fernando Nicolas Zelarayan,Gabriel Hernando,"1/10/23, 5:39 PM",,OUTGOING
Fernando Nicolas Zelarayan,Luis Ariel Ponce,"1/10/23, 9:09 AM",,OUTGOING
Fernando Nicolas Zelarayan,Alejandro Nestor Arcucci,"1/10/23, 9:09 AM",,OUTGOING
Fernando Nicolas Zelarayan,Ivana Abigail Cajal Miragliotta,"1/10/23, 9:08 AM",,OUTGOING
Fernando Nicolas Zelarayan,Laia Domenech,"1/9/23, 9:25 AM",,OUTGOING
Fernando Nicolas Zelarayan,Carla Frías,"1/9/23, 9:25 AM",,OUTGOING
Fernando Nicolas Zelarayan,Emilse Bravo,"1/9/23, 9:24 AM",,OUTGOING
Fernando Nicolas Zelarayan,Bruno Hidalgo Egocheaga,"1/9/23, 9:24 AM",,OUTGOING
Fernando Nicolas Zelarayan,Fernando Macias,"1/8/23, 10:07 AM",,OUTGOING
Fernando Nicolas Zelarayan,Marines Diaz,"1/7/23, 8:25 PM",,OUTGOING
Fernando Nicolas Zelarayan,Cecilia Finale,"1/6/23, 6:53 PM",,OUTGOING
Fernando Nicolas Zelarayan,Daiana Sosa,"1/6/23, 6:06 PM",,OUTGOING
Fernando Nicolas Zelarayan,Laura Ledesma ,"1/4/23, 11:23 PM",,OUTGOING
Fernando Nicolas Zelarayan,Alexander C. Ruiz,"12/22/22, 12:53 PM",,OUTGOING
Fernando Nicolas Zelarayan,Ariel Betancud,"12/12/22, 7:16 PM",,OUTGOING
Mayra anabel Manzaneda,Fernando Nicolas Zelarayan,"6/1/23, 5:26 PM",,INCOMING
Guido Lescano,Fernando Nicolas Zelarayan,"5/29/23, 11:05 AM",,INCOMING
Nahuel Lautaro Torres Loretto,Fernando Nicolas Zelarayan,"5/23/23, 2:50 PM",,INCOMING
Jhoanny Torres Ereu,Fernando Nicolas Zelarayan,"5/21/23, 3:11 PM",,INCOMING
Natalia  Caballero,Fernando Nicolas Zelarayan,"5/11/23, 5:40 PM","Hola Fernando Nicolas! Me gustó mucho tu perfil para que te unas a Talently Go. Capacitamos a developers, DevOps y DS con +2 años de experiencia para que conecten con empresas globales y mejoren su salario en USD. Tenemos un cupo limitado de becas para ofrecerte. Escribime y te cuento!🚀",INCOMING
Enzo De Santi,Fernando Nicolas Zelarayan,"5/8/23, 2:25 PM","Hola Fernando,  Un gusto saludarte. Hace tiempo que interactúo con personas del ámbito tecnológico. Vi tu perfil en LinkedIn y pensé que sería ideal si conectarnos. Probablemente tenemos intereses en común!  Saludos",INCOMING
★ Jorge Luis Niel,Fernando Nicolas Zelarayan,"5/4/23, 3:02 PM",,INCOMING
Santiago Mendoza,Fernando Nicolas Zelarayan,"4/22/23, 4:38 AM",,INCOMING
Matias Orlando Quispe Nina,Fernando Nicolas Zelarayan,"4/21/23, 4:23 PM",,INCOMING
Florencia Micaela Oviedo,Fernando Nicolas Zelarayan,"4/21/23, 12:52 PM",,INCOMING
Augusto Britos,Fernando Nicolas Zelarayan,"4/20/23, 7:03 PM",,INCOMING
Diego Raul Di Stefano,Fernando Nicolas Zelarayan,"4/20/23, 3:21 PM",,INCOMING
Fabricio Fernandez,Fernando Nicolas Zelarayan,"4/18/23, 5:23 PM",,INCOMING
Lucía Victoria Castro,Fernando Nicolas Zelarayan,"4/17/23, 3:33 PM",,INCOMING
Florencia Elsie Camona,Fernando Nicolas Zelarayan,"4/12/23, 4:39 PM",,INCOMING
Hector Medina Medina,Fernando Nicolas Zelarayan,"3/31/23, 4:04 PM",,INCOMING
NEXTEVA .,Fernando Nicolas Zelarayan,"3/30/23, 8:45 PM",,INCOMING
Rosario Pittaro,Fernando Nicolas Zelarayan,"3/29/23, 9:52 AM",,INCOMING
Carlos Alejandro Gimenez,Fernando Nicolas Zelarayan,"3/28/23, 2:29 PM",,INCOMING
Dora Seijas,Fernando Nicolas Zelarayan,"3/26/23, 1:29 PM",,INCOMING
Alejandro Molina,Fernando Nicolas Zelarayan,"3/23/23, 7:28 AM",,INCOMING
Carolina Manzano,Fernando Nicolas Zelarayan,"3/21/23, 9:11 AM",,INCOMING
Julio Ardiles,Fernando Nicolas Zelarayan,"3/21/23, 8:13 AM",,INCOMING
Alfredo José Salazar,Fernando Nicolas Zelarayan,"3/20/23, 5:22 PM",,INCOMING
Maria Pia Hurtado,Fernando Nicolas Zelarayan,"3/17/23, 6:26 PM",,INCOMING
Eugenia Fortini,Fernando Nicolas Zelarayan,"3/16/23, 4:40 PM",,INCOMING
Lucas Casco,Fernando Nicolas Zelarayan,"3/16/23, 2:49 PM",,INCOMING
Gonzalo Caram,Fernando Nicolas Zelarayan,"3/13/23, 5:45 AM",,INCOMING
Marcela Garcia Villagran,Fernando Nicolas Zelarayan,"3/9/23, 2:04 PM",,INCOMING
Lucas Contar,Fernando Nicolas Zelarayan,"3/4/23, 2:38 AM",,INCOMING
Ezequiel Sharif Benavidez,Fernando Nicolas Zelarayan,"2/24/23, 10:09 AM",,INCOMING
Cristian horacio Breit,Fernando Nicolas Zelarayan,"2/21/23, 8:29 AM",,INCOMING
Noelia Giselle Fernández,Fernando Nicolas Zelarayan,"2/15/23, 7:36 PM",,INCOMING
Florencia Alegre Reynaga,Fernando Nicolas Zelarayan,"2/6/23, 5:05 AM",,INCOMING
Agustina Gonzalez,Fernando Nicolas Zelarayan,"2/5/23, 9:54 AM",,INCOMING
Macarena Rodriguez,Fernando Nicolas Zelarayan,"1/27/23, 1:41 PM",,INCOMING
Mariano Imhoff,Fernando Nicolas Zelarayan,"1/21/23, 10:54 PM",,INCOMING
Fabian Peralta,Fernando Nicolas Zelarayan,"1/21/23, 9:06 PM",,INCOMING
Gonzalo Cáceres,Fernando Nicolas Zelarayan,"1/20/23, 7:11 AM",,INCOMING
Julian Silveira,Fernando Nicolas Zelarayan,"1/16/23, 3:59 AM",,INCOMING
Leonardo  Beron,Fernando Nicolas Zelarayan,"1/14/23, 1:39 PM",,INCOMING
Leandro Alfaro,Fernando Nicolas Zelarayan,"1/11/23, 7:00 AM",,INCOMING
Denisse Landau,Fernando Nicolas Zelarayan,"1/11/23, 6:33 AM",,INCOMING
Melany Wolberg,Fernando Nicolas Zelarayan,"1/11/23, 4:40 AM","Hola! ¿Cómo estás Fernando Nicolas? Te escribo desde ASAP Consulting porque me encantaría que conectemos para comentarte de nuestras oportunidades laborales! 😁 De ser de tu interés por favor comentámelo, así te acerco más información, Muchas gracias, muy buena semana!!!",INCOMING
Jaquelina Vanesa Talavera,Fernando Nicolas Zelarayan,"1/10/23, 5:59 PM",,INCOMING
Magalí Frete,Fernando Nicolas Zelarayan,"1/10/23, 5:46 PM",,INCOMING
DIEGO HERNAN SUAREZ,Fernando Nicolas Zelarayan,"1/4/23, 8:41 AM",,INCOMING
Douglas San Antón Bianchi,Fernando Nicolas Zelarayan,"1/2/23, 2:22 PM",,INCOMING
Enzo Castro,Fernando Nicolas Zelarayan,"1/2/23, 7:16 AM",,INCOMING
Braian Jassán,Fernando Nicolas Zelarayan,"12/28/22, 1:58 PM",,INCOMING
Carlos Fabian Acosta Hernandez,Fernando Nicolas Zelarayan,"12/19/22, 1:30 PM",,INCOMING
Jose Ruiz,Fernando Nicolas Zelarayan,"12/19/22, 3:16 AM",,INCOMING
Leonardo Humpire Jáuregui,Fernando Nicolas Zelarayan,"12/17/22, 9:40 AM",,INCOMING
Flavia Di Natale,Fernando Nicolas Zelarayan,"12/14/22, 3:58 AM",,INCOMING
Veronica Gonzalez,Fernando Nicolas Zelarayan,"12/14/22, 2:01 AM",,INCOMING
Mauricio Raúl Gonzalez,Fernando Nicolas Zelarayan,"12/13/22, 8:41 AM",,INCOMING
Aillen Gonzalez,Fernando Nicolas Zelarayan,"12/12/22, 6:18 PM",,INCOMING
Luis Angel Arvelo,Fernando Nicolas Zelarayan,"12/12/22, 6:47 AM",,INCOMING
Akash Khokhar,Fernando Nicolas Zelarayan,"12/8/22, 5:40 AM",,INCOMING
Esteban Olea,Fernando Nicolas Zelarayan,"12/7/22, 6:53 AM",,INCOMING
Rafael Bravo Antolín,Fernando Nicolas Zelarayan,"12/6/22, 10:27 PM",,INCOMING
Penelope Sanders,Fernando Nicolas Zelarayan,"12/5/22, 7:55 PM",,INCOMING
Gianfranco Ghiano,Fernando Nicolas Zelarayan,"12/5/22, 3:32 PM",,INCOMING
Cristian Quesada,Fernando Nicolas Zelarayan,"12/5/22, 1:55 PM",,INCOMING
Josefina Figueroa,Fernando Nicolas Zelarayan,"12/5/22, 12:35 PM",,INCOMING
