Question,Answer
How many years of work experience do you have with Maximo?,2
How many years of work experience do you have with Cybersecurity?,2
How many years of work experience do you have with Product Development?,3
How many years of work experience do you have with Point of Sale (POS) Systems?,2
How many years of work experience do you have with JavaScript?,1
Are you comfortable working in a hybrid setting?,Yes
Are you comfortable working in a remote setting?,Yes
How many years of work experience do you have with Microsoft SQL Server?,1
How many years of work experience do you have with Programming?,1
Mobile phone number, +54 3816652925
¿Hablas Inglés?,Sí
How many years of work experience do you have with Web Scraping?,1
How many years of work experience do you have with Sales?,1
Last name,
How many years of work experience do you have with Git?,1
¿Cuántos años de experiencia tienes con Windows Server?,1
How many years of work experience do you have with SQL?,1
How many years of urn:li:industry:6 experience do you currently have?,3
Please submit a resume or LinkedIn profile,706527155.pdf
How many years of CUST experience do you currently have?,3
How many years of work experience do you have with HTML?,1
What is your level of proficiency in eng?,Conversational
How many years of work experience do you have with MySQL?,2
How many years of work experience do you have with Presales?,1
How many years of work experience do you have with Cascading Style Sheets (CSS)?,1
How many years of work experience do you have with jQuery?,0
How many years of work experience do you have with Amazon Web Services (AWS)?,1
How many years of work experience do you have with PostgreSQL?,1
¿Cuántos años de experiencia tienes con Windows?,5
First name,
How many years of work experience do you have with Python (Programming Language)?,1
¿Has obtenido el siguiente título: Grado/licenciatura?,No
¿Cuántos años de experiencia tienes con Linux?,2
How many years of work experience do you have with Marketing?,2
How many years of work experience do you have with Linux?,2
