Content Title,Content Description,Content Type,Content Last Watched Date (if viewed),Content Completed At (if completed),Content Saved,Notes taken on videos (if taken),
Google Cloud para administradores IT esencial,"Conoce Google Cloud. Descubre cuáles son sus ventajas con respecto a otros competidores y cómo trabajar con sus servicios principales. Aprovecha la flexibilidad y la facilidad de despliegue que nos ofrece Google Cloud, ya sea a través de su interfaz web o de su API. Aprende a desplegar un proyecto en sus instancias, a crear bases de datos, generar infraestructura con alta disponibilidad y a manejarte con soltura con su interfaz web y su cliente de terminal.",Course,2023-01-04 07:59 UTC,N/A,false,N/A,
DevOps esencial,"Familiarízate y aprende los conceptos de la filosofía de trabajo DevOps, de dónde proviene, qué nos ofrece para mejorar nuestros flujos de trabajo y cómo aplicarla a nuestros procesos. Conoce qué problemas arrastramos en nuestras metodologías de trabajo tradicionales en el entono de la consultoría informática, en qué consisten los procesos de mejora continua, y qué métodos, como la monitorización, el análisis de código, los tests automáticos, la programación por pares y más, podemos implantar en nuestra infraestructura para mejorar el flujo de trabajo y reducir nuestra problemática diaria.",Course,2023-01-06 07:41 UTC,N/A,false,N/A,
Python para data science y big data esencial,"Python está viviendo una segunda juventud como lenguaje de programación, ajustado codo con codo a una de las grandes necesidades de ésta década: el trabajo con grandes volúmenes de datos.
En este curso, vas a aprender en primer lugar los fundamentos de Python para Data Science y visualización de datos, para posteriormente aplicarlos en el análisis de grandes volúmenes de datos usando el entorno Spark, una de las herramientas más populares del sector Big Data. El contenido del curso es práctico. Vamos a sentar las bases para que aprendas a desarrollar tu proyecto de datos, de principio a fin.",Course,2022-01-08 18:27 UTC,N/A,false,N/A,
Soporte IT para una plantilla híbrida,"Por todo el mundo, las oficinas ya vuelven a llenarse. Después de meses asistiendo a empleados en remoto, los equipos de TI ahora tienen que saber cómo dar apoyo en un entorno híbrido. Tener empleados híbridos conlleva algunas dificultades sobre seguridad, comunicación, hardware y software, y la gestión de dispositivos. Este curso se centra en estos y otros aspectos clave que el equipo informático debe tener en cuenta. El instructor Robert McMillen explica cómo desarrollar un plan que permita asistir a una plantilla híbrida, cómo poner en práctica la seguridad, solucionar problemas de hardware de forma remota, seleccionar el mejor software para la colaboración y la comunicación en remoto, y cómo gestionar dispositivos que no se encuentran en la oficina.",Course,2023-01-04 01:29 UTC,N/A,false,N/A,
Aprende a usar la línea de comandos de Linux,"El sistema operativo Linux permite moverse por todas sus opciones y realizar casi cualquier operación desde la línea de comandos o terminal. Pero lo que es la cúspide de la productividad para unos, supone una curva de aprendizaje compleja para otros. Este curso te ayudará a iniciarte en la línea de comandos de Linux, sea cual sea tu nivel. Aprenderás desde los comandos más básicos para que puedas empezar a moverte hasta cómo gestionar tareas más avanzadas, pasando por la estructura o por cómo trabajar con ficheros. Al terminar, y casi sin darte cuenta, habrás dominado la línea de comandos.",Course,2023-02-07 00:55 UTC,N/A,false,N/A,
Azure AZ-900 Prep. Cert.: Microsoft Azure Fundamentals,"Aprende los conceptos fundamentales del servicio en la nube de Microsoft, Microsoft Azure, su teoría relacionada y sus modelos de cómputo, mientras te preparas para el examen de certificación AZ-900 ""Microsoft Azure Fundamentals"". El contenido de este curso representa una guía de estudio completa y está basado en la guía de estudio oficial publicada por Microsoft, para que puedas practicar de la manera más próxima posible a la prueba real y garantizar así que la superes con éxito.",Course,2023-01-16 18:06 UTC,N/A,false,N/A,
JavaScript: Trucos,"Consigue desarrollar aplicaciones web más efectivas en JavaScript gracias a este curso de consejos y trucos prácticos que amplificarán la productividad de tus desarrollos. Conocerás herramientas útiles para la depuración y la ejecución de pruebas unitarias, buenas prácticas en temas de seguridad, generación de documentación y estilizado de código, entre otros conceptos clave.",Course,2022-06-07 22:26 UTC,N/A,false,N/A,
Career Essentials in System Administration by Microsoft and LinkedIn,"If you’re interested in a career in system administration but aren’t  sure where to start, this course is for you. System administration requires skills spanning across many topics, and in this course, Robert McMillen helps you get  started by providing an overview of the role, core skills and tools needed, and how to start and advance your career. Learn about managing on-premises, cloud, physical, and virtual implementations as well as storage security and much more. If you’re looking for the skills necessary to continue your learning journey and earn a Career Essentials Certificate by Microsoft and LinkedIn to showcase your skills to employers, join Robert in this course.",Course,2023-01-01 02:52 UTC,N/A,false,N/A,
C# avanzado 2,"Durante este contenido formativo aprenderás las características más avanzadas de C#, pero al mismo tiempo las más útiles y comúnmente utilizadas en escenarios reales y complejos, demandadas en el mercado actual. Amplía y expande tus conocimientos con C· dominando conceptos como las consultas LINQ, computación asíncrona, expresiones regulares y manejo de excepciones, entre otros.",Course,2023-03-03 16:49 UTC,N/A,false,N/A,
El lenguaje de la influencia: Cómo conectar y liberar el potencial de las conversaciones,"¿Sabías que los patrones de pensamiento afectan al lenguaje y pueden resultar limitantes para la comunicación? En este contenido formativo explorarás los lenguajes sensoriales para aprender a identificar y traducir mensajes. Esta habilidad te permitirá conectar a un nivel más profundo con tu audiencia. Una vez establecida la conexión, obtendrás las herramientas prácticas para identificar y desactivar las generalizaciones, las omisiones y las distorsiones. Por ende, a crear mensajes claros, eficaces y positivos siguiendo una estructura efectiva.",Course,2023-01-08 04:49 UTC,N/A,false,N/A,
Administración de servidores Linux esencial,"Aprende a desplegar un servidor Linux de una manera óptima, definiendo tus recursos, automatizando procesos y teniendo especial cuidado los aspectos básicos de la seguridad. Durante el contenido empezarás comprendiendo temas básicos para sentar bien las bases y poder enseñarte, a través de vídeos y de manera progresiva, cómo decidir por tu cuenta la mejor configuración para tu servicio en Linux. Al terminar, tendrás los conocimientos necesarios para empezar a desplegar y administrar tu servidor.",Course,2023-01-09 19:56 UTC,N/A,false,N/A,
Habilidades de coaching para líderes y gerentes,"Los líderes que tienen sesiones de asesoramiento con sus empleados hacen más fuerte al equipo y añaden valor a la organización. En este curso, la experta en liderazgo Sara Canaday explica las diferencias que existen entre la gestión, la formación y la orientación, y les proporciona a los jefes modelos y habilidades de orientación para que apoyen el desarrollo y la evolución de sus empleados. Sara justifica la importancia de la orientación, explora algunas de las dificultades típicas con las que se encuentran los orientadores y aclara cómo hacer críticas y fijar metas.",Course,2023-01-21 06:57 UTC,N/A,false,N/A,
DevOps Foundations,"DevOps is not a framework or a workflow. It's a culture that is overtaking the business world. DevOps ensures collaboration and communication between software engineers (Dev) and IT operations (Ops). With DevOps, changes make it to production faster. Resources are easier to share. And large-scale systems are easier to manage and maintain.<br><br>

In this course, well-known DevOps practitioners Ernest Mueller and James Wickett provide an overview of the DevOps movement, focusing on the core value of CAMS (culture, automation, measurement, and sharing). They cover the various methodologies and tools an organization can adopt to transition into DevOps, looking at both agile and lean project management principles and how old-school principles like ITIL, ITSM, and SDLC fit within DevOps.<br><br> 

The course concludes with a discussion of the three main tenants of DevOps—infrastructure automation, continuous delivery, and reliability engineering—as well as some additional resources and a brief look into what the future holds as organizations transition from the cloud to serverless architectures.",Course,2023-01-09 05:19 UTC,N/A,false,N/A,
Angular avanzado: Gestión de archivos en PHP,"Aprende a unir el mundo de PHP con Angular, un framework JavaScript del lado del cliente inmensamente popular y con gran cantidad de herramientas para trabajar aplicaciones web. Con este curso verás cómo controlar las dos partes de una aplicación web profesional: por un lado, el servidor y sus contenidos con PHP y, por el otro, la interacción con el usuario a través de la web con Angular. Al final de este curso práctico tendrás una aplicación real que puedes usar para tus proyectos personales.",Course,2023-01-27 01:54 UTC,N/A,false,N/A,
Fundamentos de la gestión del tiempo,"Aprende en este curso a organizarte mejor para disponer de más tiempo de calidad en el que desarrollar tus objetivos y expectativas. Descubre trucos, herramientas, métodos y acciones específicas dirigidas a la mejora de tu eficacia y tu bienestar general, con los que serás capar de tomar mejores decisiones. Mantén más control sobre las tareas a las que dedicas tu tiempo, trabaja tu disciplina, perseverancia y responsabilidad individual, y sustituye el modo reactivo de actuar por el modo reflexivo.",Course,2023-01-21 03:55 UTC,N/A,false,N/A,
GitHub para programadores,"Los equipos de desarrollo modernos necesitan que muchas personas trabajen sobre un mismo código sin generar errores o conflictos. Sin embargo, sin las herramientas adecuadas, esta tarea puede ser casi imposible. Afortunadamente tenemos GitHub, un servicio de control de versiones online que te permite almacenar, gestionar y distribuir tu código. En este curso aprenderás los conceptos básicos del control de versiones Git, los servicios que ofrece GitHub, como crear, gestionar y examinar nuestros repositorios online. Descubrirás diversas formas de utilizar el servicio de GitHub y exploraremos las funciones más comunes de este servicio. Al finalizar este curso estarás a punto para trabajar tu código fuente en equipo con seguridad y la tranquilidad de tener siempre un respaldo en la nube.",Course,2023-01-10 19:13 UTC,N/A,false,N/A,
Angular avanzado: Trabajo con API,"Comprende cómo funciona una API (interfaz de programación de aplicaciones) y cómo controlarla desde Angular, uno de los framework JavaScript más utilizados y respetados del mundo. Aprende en este curso usando una aplicación real que puedes utilizar como base para tus proyectos personales utilizando Angular, famoso en gran parte debido a su facilidad de integración con APIs.",Course,2022-09-04 18:52 UTC,N/A,false,N/A,
DevOps: Despliegue de microservicios con Docker,"Descubre por qué tu equipo de DevOps debe complementarse para abordar los despliegues con un enfoque de microservicios, apoyándose en la tecnología de contenedores Docker en hosts Windows. Durante este curso entenderás las ventajas de desplegar con esta herramienta, ya sea localmente o en la nube, aprenderás a llevar a cabo diferentes ejemplos de despliegue de servicios comunes y comprenderás cuáles son las prácticas que necesitas dominar para transicionar de una cultura de aplicaciones monolíticas, a un enfoque de microservicios.",Course,2023-01-28 00:26 UTC,N/A,false,N/A,
Fundamentos de AWS Cloud Services,"Descubre Amazon Web Services gracias a este curso. Comprende cómo funcionan los principales servicios de computación en la nube, y específicamente la arquitectura de la infraestructura de AWS y sus principales servicios, como lo son EC2, RDS, S3, VPC, CloudWatch, etc. Al acabar, habrás empezado a adquirir la base teórica imprescindible para presentarte al examen de certificación AWS Cloud Practitioner; y si esa no es tu intención, al menos habrás entendido, de manera global, todo lo relacionado con Amazon Web Services.",Course,2023-01-13 18:37 UTC,N/A,false,N/A,
React avanzado 1,"Aprende a utilizar React a un nivel avanzado con este contenido. A lo largo del curso, estudiarás sobre componentes, patrones, eventos, técnicas o pruebas unitarias, entre otros conocimientos que necesita tener cualquier desarrollador o desarrolladora que maneje React a un nivel avanzado. Se requieren conocimientos básicos de React para seguir el curso, pero al terminar habrás expandido tus posibilidades de desarrollo y dominarás mucho mejor los conocimientos que necesitas para crear aplicaciones de calidad en React.",Course,2022-08-08 17:56 UTC,N/A,false,N/A,
Cómo liderar con eficacia,"Todos los líderes se enfrentan al mismo problema: tener mucho que hacer, pero no contar con el tiempo suficiente. En este curso, el asesor de ejecutivos Mike Figliuolo nos presenta el concepto de «capital de liderazgo», que consiste en la cantidad de tiempo y energía finitos de los que dispones para orientar, gestionar y capacitar a los miembros del equipo. Mike describe las cuatro formas de invertir el capital de liderazgo: dirigir a los empleados, asegurarse de que se lleva a cabo el trabajo, confirmar que se cumple con el trabajo y ayudar al equipo a crecer. En el curso aprenderás a valorar si estás empleando el capital de liderazgo de manera astuta. Para ello, tendrás que analizar los resultados del equipo: la cantidad de trabajo, la calidad del trabajo, la puntualidad y los efectos en la motivación y las relaciones. Por último, Mike te explica cómo distribuir el capital de liderazgo y modificar la conducta del equipo y la tuya para mejorar el rendimiento.",Course,2022-04-04 21:58 UTC,N/A,false,N/A,
Revit avanzado: Masas,"<div><a href=""https://www.linkedin.com/newsletters/6693291578607321088?trk=lil-course-description"" target=""_blank"" class=""artdeco-button artdeco-button--1"">Ver el Newsletter de LinkedIn de Salva</a></div><br>Profundiza en el diseño conceptual de un edificio a partir de formas geométricas, tanto sencillas como complejas, en Revit. Gracias a este contundente contenido formativo serás capaz de estudiar las alternativas iniciales de un proyecto a partir de formas básicas, obtener las estrategias necesarias para modificarlas y adaptarlas a las necesidades del proyecto y, finalmente, extrapolar los conocimientos obtenidos para resolver encuentros y situaciones inusuales. El curso se enfoca en las masas de Revit; cómo generarlas, parametrizarlas y adaptar las masas existentes para crear elementos constructivos a partir de las mismas.",Course,2022-04-12 02:43 UTC,N/A,false,N/A,
Excel para principiantes: Cuadros de mando simples,"Crea un cuadro de mando en Excel que te permita hacer el seguimiento de la actividad de tu empresa y de los objetivos establecidos, gracias a este curso. Aprenderás a convertir los datos en tabla para optimizar su análisis, a crear tablas y gráficos dinámicos que muestren toda la información que buscas y a crear una hoja en el archivo de Excel que te mostrará los principales indicadores o KPI que te pueden ayudar a ver y realizar un seguimiento de la actividad de tu empresa. También descubrirás cómo usar segmentadores y líneas de tiempo que harán más rápido y dinámico el análisis, entre otros conceptos clave.",Course,2022-09-19 20:21 UTC,N/A,false,N/A,
Microsoft Teams: Trucos,"Conoce el verdadero potencial de Microsoft Teams, el área de trabajo en equipo parte del paquete de Microsoft 365 (antes denominado Office 365 pero recientemente renombrado por Microsoft contando con las mismas funcionalidades), gracias a este curso de trucos y estrategias rápidas. Comunica, organiza y aumenta exponencialmente tu productividad y tu capacidad de acción en el trabajo colaborativo diario desde hoy mismo. ¡No te lo pierdas!",Course,2022-05-04 19:14 UTC,N/A,false,N/A,
Python avanzado,"Profundiza en tu comprensión sobre Python como lenguaje de programación con este contenido, el cual te instruirá en temas avanzados que permiten tener un mayor control sobre las aplicaciones durante el desarrollo. Durante el curso verás el uso de los parámetros especiales args y kwargs en funciones, funciones lambda y list comprehension. También explorarás temas como el logging y debugging, los cuales ayudan a entender cómo está funcionado el código y a encontrar más fácilmente los posibles errores. Además, verás cómo manipular el formato JSON, muy utilizado en peticiones web.",Course,2023-06-01 16:36 UTC,N/A,false,N/A,
GitHub Actions esencial,"Explora GitHub Actions como plataforma CI/CD para el control de código fuente que te permitirá automatizar, personalizar y ejecutar tus flujos de trabajo de desarrollo de software directamente en tu repositorio. Durante este contenido descubrirás por qué es necesaria este tipo de tecnologías para la práctica y disciplina de DevOps y los conceptos más destacables de la plataforma a través de ejemplos claros.",Course,2023-04-03 03:36 UTC,N/A,false,N/A,
La importancia del lenguaje inclusivo,"Este curso está dirigido a todas las personas que quieran hacer de su lugar de trabajo un espacio más inclusivo, siendo especialmente recomendable para los departamentos de recursos humanos, comunicación, líderes y responsables de equipos. Verás la necesidad de hacer uso de un lenguaje inclusivo de forma consciente para crear un ambiente de trabajo más diverso. Aprenderás cómo el lenguaje es uno de los principales canales para solventar situaciones de fricción y qué puede ser ofensivo o invisibilizar a diversos colectivos, entre otros aspectos.",Course,2022-04-19 03:02 UTC,N/A,false,N/A,
Técnicas de escritura creativa para negocios: Trucos,"¿Necesitas redactar textos diariamente para comunicación empresarial? ¿Sabes hacerlo de manera atractiva y original?
En esta serie de trucos prácticos y sencillos veremos cómo imprimir un aire nuevo a tus textos. Desde publicaciones para un blog o redes sociales, hasta comunicados de prensa o anuncios. En este curso, aprenderás pautas sobre cómo escribir de manera creativa y efectiva aplicando algunas técnicas procedentes de la literatura. Además, veremos qué sintaxis resulta más cómoda para leer o qué recursos literarios permiten transmitir lo mismo de manera que el público lo recuerde con más facilidad.",Course,2022-05-12 19:28 UTC,N/A,false,N/A,
Aprende Power BI,"Descubre cómo aprovechar Power BI para crear fácilmente informes y cuadros de mando con visualizaciones interactivas. Este contenido formativo te dará todas las claves para aprender a manejar este software de referencia en el análisis y tratamiento de datos, a la vez que te preparas para la certificación PL-900: Microsoft Power Platform Fundamentals. Aprenderás a conectarte a una o varias fuentes de datos existentes y a utilizar su interfaz segura y fácil de entender, a transformar los datos hasta llegar a comprenderlos, conseguir visualizarlos y trabajar en modo colaborativo dentro de una única herramienta llena de potencial.",Course,2023-01-17 11:52 UTC,N/A,false,N/A,
Windows Server: configuración básica,"Ahora que has instalado Windows Server, es el momento de sacarle el máximo partido conociendo lo que puedes conseguir configurando los parámetros óptimos de funcionamiento del sistema. Al terminar el contenido formativo tendrás los conocimientos necesarios para afrontar las tareas más comunes de configuración del servidor, como el renombrado del equipo, dar acceso remoto para su gestión a distancia, establecer la dirección IP y los servidores DNS de los distintos adaptadores de red, añadir el servidor a un dominio o bastionarlo para protegerlo de ataques de diversa índole, entre otros conceptos clave.",Course,2023-04-13 00:29 UTC,N/A,false,N/A,
Windows Server: Active Directory,"Este es un curso te introducirá en el manejo de Active Directory, el servicio que te permite gestionar las entidades y recursos de un entorno empresarial de una manera segura, ordenada, escalable y extensible. Al terminar el contenido, tendrás los conocimientos necesarios para afrontar las tareas básicas de gestión de Active Directory, así como una visión general del servicio y sus posibilidades a la hora de establecer controles de autenticación, autorización y auditoría, así como directivas que determinen comportamientos y limitaciones de los clientes del entorno.",Course,2023-05-08 20:50 UTC,N/A,false,N/A,
Trucos para estimular tu creatividad,"<div><a href=""https://www.linkedin.com/newsletters/6894708507417870336?trk=lil-course-description"" target=""_blank"" class=""artdeco-button artdeco-button--1"">Ver el Newsletter de LinkedIn de Juan</a></div><br>Estimula tu creatividad y capacidades cognitivas de manera divertida, con prácticas y ejercicios que puedes hacer en tu casa y oficina y además, van cargados con una buena dosis de bienestar. Acómpañame a jugar con tus ideas, a votearlas de cabeza, a dibujar lo primero que nos venga a la mente, a dibujar contra reloj, a jugar con plastilina y pintar con las manos. Además, vamos a platicar de cómo nutrirte creativamente de arquitectura, fotografía, tatuajes, ilustración, escultura y música. Todo eso lo vamos a aderezar con algunas ideas para cuidar mejor de nosotros mismos y tener un mejor performance en nuestras actividades del día a día.",Course,2023-01-30 15:54 UTC,N/A,false,N/A,
Kotlin esencial,"Aprende los fundamentos de la programación en Kotlin gracias a este curso práctico. Empezando por la historia de su desarrollo, conocerás los pilares fundamentales de este lenguaje sencillo, conciso y con baja propensión a errores, que aumentará la eficiencia de tus desarrollos. Paso a paso descubrirás las herramientas clave del lenguaje, mejorando hasta llegar a desarrollar un programa completo. Durante el contenido experimentarás con la declaración de variables, tipos de datos básicos, las colecciones, las sentencias y expresiones para el control de flujo, declarar clases e instanciar objetos con diferentes constructores, entre otros conceptos clave. ¿Empezamos ya nuestro viaje?",Course,2023-05-04 10:37 UTC,N/A,false,N/A,
Java avanzado 2,"Adéntrate en algunas de las características más modernas de Java y profundiza en algunas de sus características más avanzadas tanto a nivel de lenguaje como de API. Este curso te permitirá llevar tus aplicaciones al siguiente nivel ya que cubre temas como el manejo de excepciones y la concurrencia, el uso de genéricos y de wildcards. Introduce también sintaxis más modernas como la que trae el uso de expresiones lambda o los streams para el procesamiento de datos. Explora algunas clases del paquete de red y nos enseña a organizar nuestros proyectos con el sistema de módulos de Java.",Course,2023-02-04 22:36 UTC,N/A,false,N/A,
Docker esencial,"Docker es un proyecto de código abierto que automatiza el despliegue de aplicaciones dentro de contenedores de software. En este curso verás que Docker te permite empaquetar una aplicación y sus dependencias en un contenedor virtual que se puede ejecutar en cualquier servidor Linux. Docker trabaja de forma flexible y con portabilidad donde la aplicación puede ejecutarse (en las instalaciones físicas, la nube pública, nube privada, etc.) proporcionando una capa adicional de abstracción y automatización de virtualización a nivel de sistema operativo en Linux.",Course,2023-01-09 05:20 UTC,N/A,true,N/A,
Bases de datos con un café,"Tomemos un café juntos mientras hablamos del apasionante mundo de las bases de datos. De forma breve y concisa, para que te tome pocos minutos, conocerás qué es una base de datos, para qué sirven y cuándo es necesario crear una. Durante el contenido también aprenderás a identificar los distintos tipos de bases de datos, ya sean relacionales o no, y conocerás los sistemas de bases de datos más populares en la actualidad como: MySQL, PostgreSQL, NoSQL o MongoBD. ¿Te apuntas a este café tan instructivo?


Estos vídeos corresponden a los cursos:
<ul>
<li><a href=""https://www.linkedin.com/learning/mysql-esencial/"" target=""_blank"">MySQL esencial</a></li>
<li><a href=""https://www.linkedin.com/learning/postgresql-esencial-2/"" target=""_blank"">PostgreSQL esencial</a></li>
<li><a href=""https://www.linkedin.com/learning/desarrollo-nosql-con-cosmodb/"" target=""_blank"">Desarrollo NoSQL con CosmoDB</a></li>
<li><a href=""https://www.linkedin.com/learning/mongodb-esencial/"" target=""_blank"">MongoDB esencial</a></li>
</ul>",Course,2022-02-12 06:21 UTC,N/A,false,N/A,
MySQL esencial,"Amplía y expande tus conocimientos sobre MySQL paso a paso y de forma práctica y sencilla. Domina las herramientas necesarias para el diseño, la construcción y la manipulación de base de datos: utiliza los comandos, elabora tablas o inserta, elimina, modifica y consulta información, entre otras funciones esenciales de MySQL.",Course,2022-02-12 06:19 UTC,N/A,false,N/A,
Fundamentos LGBTQI+ para el entorno laboral,"Las personas LGBTQI+ son tema central en nuestras sociedades, tanto a nivel legislativo como social y laboral. El colectivo genera diferentes emociones y sentimientos, ¿pero todo lo que se comenta sobre su realidad y sus vivencias es real? Durante este curso obtendrás respuestas a estas y otras preguntas, explicando quiénes son las personas LGBTQI+, de dónde vienen y porqué necesitan personas aliadas en el ámbito laboral y personal. A través de una serie de herramientas y estrategias para aplicar en el día a día, aprenderemos a ser más inclusivos e inclusivas, y cómo acompañar y apoyar a personas del colectivo LGBTQI+. ¿Comenzamos el cambio?",Course,2022-12-11 16:27 UTC,N/A,false,N/A,
Desafío de programación: JavaScript básico,"Empezar a programar en JavaScript no es tarea fácil, pero como todo, mejora con la práctica. Este curso viene a ayudarte precisamente con eso, y te trae ejercicios que podrás realizar para pulir tu forma de programar, e incluso aplicarlos al construir aplicaciones web reales en el futuro, como son la manipulación de texto, los cálculos matemáticos, la filtración de datos con funciones de arreglos y la modificación de contenidos de páginas web. ¿Empezamos a mejorar tu código en JavaScript?",Course,2022-06-22 15:01 UTC,N/A,false,N/A,
Lean Six Sigma: Herramientas de las fases Definición y Medición,"Los green y black belt que dirigen proyectos Lean Six Sigma están bien capacitados para guiar el proyecto de principio a fin. Pero, ¿qué hay de los miembros del equipo Lean Six Sigma? ¿Qué tienen que saber para trabajar de manera productiva? 
En este curso, Richard Chua explica los conceptos fundamentales de Lean Six Sigma que te pueden ayudar a contribuir y aportar valor. Vamos a ver las herramientas y las técnicas de las fases Definición y Medición de la metodología DMAIC (Definición, Medición, Análisis, Mejora y Control). Lean Six Sigma integra Lean en DMAIC. Aprende a crear actas de proyecto, esquemas y diagramas de Pareto para identificar las áreas problemáticas del proceso.",Course,2022-03-03 11:45 UTC,N/A,false,N/A,
SQL Server 2022 para desarrolladores esencial,Este curso está dirigido a desarrolladores que utilizan SQL Server 2022. El contenido formativo repasa las novedades más importantes de la versión a la vez que te enseñará de cero y paso a paso a aprovechar al máximo esta fantástica tecnología que une lo mejor del mundo de la nube y local para generar soluciones transaccionales y de analítica. SQL Server 2022 llega cargado de interesantes herramientas y capacidades para mejorar el rendimiento de las soluciones de bases de datos. ¡No te lo pierdas!,Course,2023-03-18 01:20 UTC,N/A,false,N/A,
Integración HTML y CSS avanzado,"Amplía y expande tus conocimientos sobre HTML y CSS. Aprende a dar forma al código partiendo de un diseño preestablecido, consigue optimizar tu código de manera eficiente, reutiliza elementos comunes del diseño, usa en tu página elementos avanzados de CSS, como las pseudoclases o las animaciones, y aplica las variables en CSS3 de forma beneficiosa, entre otros conceptos clave.",Course,2022-03-12 17:11 UTC,N/A,false,N/A,
SQL Server para programación avanzado,"Domina al máximo nivel el sistema de gestión de base de datos relacional SQL Server gracias a este curso de técnicas y consejos avanzados. Aprende conceptos clave sobre seguridad e infraestructura, conoce los diseños más comunes a implementar y consigue una correcta optimización tanto de este diseño como de usabilidad y compresión. Además, conoce las ventajas del uso del entorno de ejecución CLR en SQL Server para obtener funcionalidades adicionales.",Course,2022-11-05 13:03 UTC,N/A,false,N/A,
Domina Java,"Avanza en tu dominio del lenguaje Java con este curso que te instruye en la solución de problemas específicos durante la programación en Java. El contenido se desarrolla por niveles que van desde lo básico a contenidos intermedios y más avanzados, con ejemplos prácticos que podrás extrapolar a tus propios proyectos de desarrollo para sacar el máximo provecho de lo aprendido.",Course,2023-03-26 21:45 UTC,N/A,false,N/A,
Angular esencial,"Angular es un popular framework de JavaScript para la creación de aplicaciones web, que ha recibido en 2017 un avance importante frente a la versiones anteriores, mejorando su rendimiento, tamaño y sintaxis. En este curso aprenderás a crear aplicaciones con Angular, avanzarás paso a paso en su uso, desde la instalación, configuración y arquitectura hasta la publicación final de una aplicación. Al final del curso habrás creado tu primera aplicación utilizando esta potente plataforma elegida por miles de desarrolladores en el mundo y mantenida por Google.",Course,2023-01-11 18:42 UTC,N/A,false,N/A,
Java: Mapeo objeto-relacional esencial,"Expande el potencial de tus desarrollos en Java dominando el mapeo objeto-relacional para conectar Java con bases de datos MySQL. Al terminar este curso habrás adquirido los conocimientos esenciales para utilizar estas herramientas en tu favor, configurándolas correctamente, a fin de implementar de manera efectiva un sistema ORM. El curso será inminentemente práctico y con ejemplos, para que paso a paso generes la base de datos, aprendas a sortear los errores comunes de configuración o a crear tablas, utilices varias técnicas de consulta en las mismas, entre otros muchos conceptos clave. Empecemos el viaje.",Course,2023-05-19 00:04 UTC,N/A,false,N/A,
Angular con un café,"¿Necesitas dar tus primeros pasos con Angular? Mientras te tomas un café, estos vídeos te ayudarán a comprender las claves más importantes y a dar los primeros pasos a la hora de entender la programación con Angular, uno de los frameworks más importantes hoy en día para la programación web.

Estos cuatro vídeos corresponden a los cursos:

<li><a href=""https://www.linkedin.com/learning/angular-esencial/"" target=""_blank"">Angular esencial</a></li>
<li><a href=""https://www.linkedin.com/learning/angular-practico-desarrolla-una-aplicacion-web-para-gestion-deportiva/"" target=""_blank"">Angular práctico: Desarrolla una aplicación web para gestión deportiva</a></li>
<li><a href=""https://www.linkedin.com/learning/angular-avanzado/"" target=""_blank"">Angular avanzado</a></li>",Course,2023-01-28 22:12 UTC,N/A,false,N/A,
Aprende análisis de datos,"Domina las herramientas esenciales que necesitas para convertirte en un experto en el análisis de datos y la ciencia de la información. Aprende las habilidades clave para ser un analista de datos efectivo utilizando Excel, Access y Power BI. Amplía y expande tus capacidades de recopilación, análisis y procesamiento de datos para convertirte en un analista profesional capaz de interpretar e identificar patrones y anomalías, así como necesidades de limpieza y transformación.",Course,2022-12-20 02:55 UTC,N/A,false,N/A,
Técnicas avanzadas de negociación,"Potencia las habilidades que necesitas para convertirte en especialista en negociación con este curso. Durante el siguiente contenido formativo avanzado explorarás las fases de la negociación y obtendrás herramientas que te ayuden a llegar a un acuerdo exitoso para ambas partes. Además, conocerás los pasos necesarios para construir un intercambio exitoso, con una hoja de ruta para seguir paso a paso y desde cero. ¿Empezamos a mejorar tus habilidades comunicativas para bordar el próximo trato? Vamos.",Course,2023-01-23 23:28 UTC,N/A,false,N/A,
Windows Server: DNS,"Comprende todo lo que necesitas saber sobre el servicio de resolución de nombres DNS, que te permite asociar nombres jerárquicos a direcciones de red, servicios, sistemas de correo y muchas otras opciones. El servicio DNS es primordial para el correcto funcionamiento de Internet o del sistema de gestión empresarial Active Directory. Al realizar este curso, obtendrás los conocimientos necesarios para afrontar las tareas básicas de gestión de servidores DNS, así como la creación y eliminación de registros, configuración de transferencias de zonas y bastionado general del servicio.",Course,2023-04-30 17:23 UTC,N/A,false,N/A,
Fusion 360: Avanzado,"Este curso avanzado de Fusion 360 de Autodesk te instruirá sobre conceptos complementarios en lo que ha construcción de elementos en el entorno de diseño se refiere. Aprenderás sobre la creación de componentes de chapa metálica, el diseño generativo basado en la búsqueda de formas utilizando criterios, a crear vistas explotadas dentro de un entorno de animación 2D y a obtener vistas de las piezas de chapa desplegadas. Finalmente, dado que Fusion es una plataforma abierta, conocerás todas las claves respecto a la exportación e importación desde archivos de otras plataformas CAD 3D.",Course,2023-02-03 11:17 UTC,N/A,false,N/A,
Desafío de programación: JavaScript avanzado,"Aprende soluciones más avanzadas en la programación de JavaScript con este contenido cargado de ejercicios de alto nivel que te permitirán alcanzar nuevas cotas de comprensión y dominar los conceptos más complejos de JavaScript. El curso brinda ejercicios para practicar la creación de clases y herencia, manipulación de fechas, creación de filtros de datos dinámicos y otros muchos conceptos. No te quedes con lo básico y continúa mejorando tus habilidades de programación con JavaScript.</br> Este curso está integrado con GitHub Codespaces, un entorno de desarrollo instantáneo alojado en la nube que ofrece toda la funcionalidad de tu IDE favorito sin tener que configurar una máquina local. Aprende a configurar y utilizar este IDE con el vídeo “Cómo usar GitHub Codespaces con este curso”.",Course,2023-02-02 08:16 UTC,N/A,false,N/A,
Desafío de programación: Programación funcional en JavaScript,"Entiende el paradigma de programación reactiva con JavaScript utilizando RxJS, un concepto que está revolucionando el mundo del software. Durante el contenido practicarás diferentes ejercicios de programación, creando observables y utilizando operadores para manipular los flujos de datos con diferentes propósitos, como la filtración de datos, combinación de información, detección de eventos, carga remota de datos y más. Al terminar, habrás mejorado tu nivel de programación con JavaScript y comprendido las posibilidades que nos brinda combinarlo con la librería RxJS.",Course,2022-09-30 19:31 UTC,N/A,false,N/A,
Crea un perfil de éxito en LinkedIn,"¿Siempre te has preguntado si necesitas una cuenta de usuario en LinkedIn? Este curso te descubrirá el verdadero potencial de la red social profesional más grande del mundo y cómo puede ayudarte a mejorar tus perspectivas profesionales si cuentas con un perfil completo y atractivo. Paso a paso, aprenderás a crear tu propia cuenta y a enriquecerla con toda la información que te representa como especialista en tu campo, para que tu presencia digital impresione al mundo y te traiga grandes contactos y oportunidades laborales.",Course,2023-02-06 02:08 UTC,N/A,false,N/A,
JavaScript Avanzado 1,"Aprende JavaScript, el lenguaje que rige la web, al nivel más avanzado. Conoce las versiones de JavaScript ES5 y ES6, cómo el lenguaje es ejecutado por el navegador y sus características más importantes, como el manejo de procesos confluyentes y estructuras de datos complejas. Domina, gracias a este curso, uno de los lenguajes más demandados en el sector y mejora significativamente tu valor como desarrollador o desarrolladora.",Course,2022-03-28 13:49 UTC,N/A,false,N/A,
Despliegue de Docker en AWS,"Descubre en detalle las principales funciones de Docker en Amazon Web Services y cómo implementar una aplicación basada en Docker para tenerla funcionando desde Amazon ECS y Amazon EC2. A lo largo de este curso explorarás los conceptos más importantes para la virtualización de contenedores y las ventajas de usar Docker en AWS en concreto. También aprenderás de cero a crear y configurar un registro de AWS ECR, además de la implementación una imagen de Docker en Amazon ECS y Amazon EC2 paso a paso.",Course,2023-01-26 06:12 UTC,N/A,false,N/A,
Desafío de programación: Java,"Refuerza tus conocimientos de programación en Java y mejorar tu pensamiento lógico-computacional a través de la solución de ejercicios prácticos que te supondrán un verdadero reto y te permitirá refrescar tus conocimientos. Durante el contenido se te planteará resolver una serie de minidesafíos de programación, y por cada reto y se te dará posteriormente la solución óptima. Los problemas que se se muestran son los típicos que podrías encontrar en tu práctica diaria, para que te sean útiles, y van desde un nivel iniciación-básico a alguno más avanzado.</br> Este curso está integrado con GitHub Codespaces, un entorno de desarrollo instantáneo alojado en la nube que ofrece toda la funcionalidad de tu IDE favorito sin tener que configurar una máquina local. Aprende a configurar y utilizar este IDE con el vídeo “Cómo usar GitHub Codespaces con este curso”.",Course,2023-01-19 21:47 UTC,N/A,false,N/A,
Desafío de programación: Python,"Amplía tus conocimientos en programación y mejorar tu pensamiento lógico-computacional en Python a través de la solución de problemas con este curso que te supondrá un verdadero desafío y te permitirá desarrollar el pensamiento algorítmico para resolver problemas de lógica y algoritmia usando Python como lenguaje de programación. Durante el contenido, se van a desarrollar las soluciones para tres tipos de desafíos de programación: cadenas de texto, numéricos y estructuras de datos como listas y diccionarios, tu objetivo es obtener una solución óptima para cada uno de ellos. ¿Te atreves?</br> Este curso está integrado con GitHub Codespaces, un entorno de desarrollo instantáneo alojado en la nube que ofrece toda la funcionalidad de tu IDE favorito sin tener que configurar una máquina local. Aprende a configurar y utilizar este IDE con el vídeo “Cómo usar GitHub Codespaces con este curso”.",Course,2023-01-07 02:53 UTC,N/A,false,N/A,
Node.js: Trucos,"Mejora tu rendimiento de desarrollo en Node.js a través del uso de trucos y técnicas aprendidas con la experiencia y la implementación de librerías externas en tu flujo de trabajo. Aprende, con este curso, desde las principales áreas de Node y la configuración perfecta de tu editor, hasta trucos de optimización para reducir el tamaño y el uso de recursos de tus aplicaciones, pasando por ejemplos prácticos con librerías externas que pueden acelerar el tiempo de desarrollo de tus proyectos.",Course,2022-01-08 18:30 UTC,N/A,false,N/A,
.NET Core avanzado (2019),"Lleva tu potencial de desarrollo a un nuevo nivel gracias a las funcionalidades avanzadas disponibles en .NET Core 3.0. Incrementa tus conocimientos sobre la plataforma conociendo su funcionamiento interno, conceptos clave como los modelos de servicios gRPC, características poderosas en WPF o cómo se mejora la seguridad con ASP.NET Core Identity.",Course,2022-07-21 14:29 UTC,N/A,false,N/A,
Cómo eliminar las distracciones,"El mundo está repleto de distracciones. Con todas las notificaciones de los dispositivos sonando, es más difícil centrarnos en lo importante. Sin embargo, la concentración es fundamental para completar nuestras tareas y avanzar. En este curso, Arianna Huffington te presenta a Nir Eyal, el autor de «Enganchado, cómo construir productos y servicios exitosos que formen hábitos», que te explica cómo mantener la concentración, una de las habilidades más importantes de este siglo. Nir te cuenta por qué la tecnología no es el único hábito que tienes que dominar, y cómo influyen en nuestra atención la cultura laboral, las normas sociales y el comportamiento de los demás. Descubre por qué debes conocer los estímulos externos y los impulsos internos para reaccionar mejor, y algunos trucos prácticos que te ayudarán a manejar las distracciones más frecuentes, como el correo electrónico, y a reducir interrupciones innecesarias.",Course,2022-06-14 23:35 UTC,N/A,false,N/A,
Desafíos IT: consultas SQL,"Expande tus conocimientos y refuerza tus habilidades de SQL por medio de ejercicios prácticos con este contenido. El curso tiene como objetivo resolver ejercicios de SQL de distintas dificultades, planteados de menos a más, para poner en práctica y retar todo lo que crees saber sobre este lenguaje. Durante la formación te enfrentarás a dos bases de datos y muchos retos que debes completar sobre ellas. Primero se te planteará el desafío, después se te ofrece la solución para que puedas comprobar tus resultados.",Course,2022-12-19 19:31 UTC,N/A,false,N/A,
