Date,Status,FullName
2023-04-21 00:21:38,Active,Beatriz Ramirez Carrizo
2023-03-28 23:19:51,Active,Paula Eraso
2023-02-23 19:40:15,Unfollow,Pepe Martinez Cevasco
2023-01-24 21:04:26,Active,Sofía  Odda
2023-01-24 21:04:25,Active,Camila Elicabide
2023-01-24 21:04:21,Active,🌟 Katherine Dopta ✨
2023-01-24 21:03:52,Active,Milagros Pérez
2023-01-24 21:03:46,Active,Monica Schettino  II
2023-01-24 21:03:38,Active,Victoria de Elorriaga
2023-01-24 21:03:37,Active,Florencia Crescenzi
2023-01-24 18:29:35,Active,MARCELA  SANCHEZ MUÑIZ
2023-01-17 19:25:06,Active,Lucía Torena
2023-01-13 01:46:30,Active,Rozeimer Gamboa Recruiter
2023-01-12 10:08:20,Active,Luisina Boglio
2023-01-12 10:08:05,Active,Maria Constanza Reghenzani
2023-01-11 01:41:50,Active,Ariel Alegre
2023-01-10 17:09:09,Active,Agustina Molla del Castillo
2023-01-09 06:06:38,Active,Sofia Gray
2023-01-08 09:05:32,Active,Candela Suarez
2023-01-06 07:25:27,Active,Cecilia Nápoli  (CeciTrabaja)
2023-01-06 07:25:23,Active,Jesica Logioco
2023-01-06 07:15:11,Active,Monica Schettino
2023-01-06 05:55:34,Active,InhouseTuc English
2023-01-05 07:02:53,Active,Giuliano Miralles
2023-01-05 07:02:38,Active,Iraima Marquez
2023-01-04 16:28:09,Active,Marce Moreta
2023-01-03 22:06:07,Active,Ernesto Valdez
2023-01-03 22:06:06,Active,Rocío García Lofrano
2023-01-03 22:06:00,Active,Nahuel Seguí
2023-01-03 22:05:58,Active,Micaela Rodriguez
2023-01-03 22:05:53,Active,Micaela Retamozo
2023-01-03 22:05:48,Active,👩🏻‍💻 Milagros Moreno
2023-01-02 22:07:36,Active,Micaela Lara Mendoza
2022-10-20 15:30:21,Active,Barbara De Los Santos
2022-10-06 00:09:09,Active,Edgardo almeida
2022-09-30 18:33:38,Active,Florencia Brunori
2022-09-07 22:22:00,Active,Julieta Sosa
2022-09-01 22:54:56,Active,María Florencia Gancedo Martino
2022-08-17 17:39:15,Active,Alberto Fabián Troisi
2022-08-04 19:19:33,Unfollow,Fernando Andres
2022-08-02 04:03:50,Active,Priscila Luque
2022-08-02 04:03:48,Active,Cristian Gadea
2022-07-20 16:53:41,Active,Carla Antonella Lascano
2022-07-18 19:44:16,Active,Candela Celeste Cejas
2022-07-18 19:44:14,Active,Victoria Agosta
2022-07-13 01:29:19,Active,Nahir Reverdito
2022-05-19 04:01:48,Active,Fernanda Bustamante
2022-04-01 13:05:00,Active,Juana Cervio
2022-03-02 14:01:15,Unfollow,Richard Branson
2022-02-28 02:51:47,Active,Carlos Azaustre
2022-02-25 13:07:23,Active,Miguel Ángel Durán García
2022-02-19 23:55:21,Active,Agustina Correa
2022-02-18 20:37:17,Active,Aarón Rayú
2022-02-14 19:13:02,Active,Laura Miranda Grosso
2022-02-12 06:31:56,Active,✪ Natalia Trullenque 
2022-02-10 23:03:11,Active,Melisa Cristofari
2022-02-10 22:59:59,Active,Fernando Gastou
2022-02-09 06:20:10,Active,Mailen Maluenda Dufau
2022-02-09 06:20:07,Active,Martin Armentano
2022-02-09 06:20:03,Active,Federico Repetto
2022-02-05 22:28:59,Active,Christian Patiño
2022-02-05 22:28:16,Active,Felix Camargo
2022-02-03 17:27:35,Active,Mailen Allario
2022-02-03 07:03:28,Active,Sebas Sánchez Tiberio
2022-02-03 07:03:24,Active,Cynthia Irusta
2022-02-02 16:50:08,Active,Christian Van Der Henst✨
2022-02-02 16:49:48,Active,Freddy Vega
2022-02-02 13:04:43,Unfollow,Belén Arroyo
2022-01-31 08:13:57,Active,Natália Villain
2022-01-31 08:13:50,Active,Rosalía Rebolero
2022-01-31 08:13:46,Active,Gerardo  Sanchez
2022-01-31 08:13:43,Active,Jesica Ayelen Morales
2022-01-31 08:13:38,Active,🔹 Lautaro Gimenez Vergel 🔸
2022-01-31 08:13:32,Active,➽ Lorena Bincaz
2022-01-31 08:13:27,Active,María Belén Movia
2022-01-31 06:47:08,Active,Ana Azul Ledesma
2022-01-29 11:56:08,Active,Fiorella Flowers
2022-01-25 07:10:09,Active,Facundo García Martoni
2022-01-10 01:17:25,Active,Gonzalo Pozzo
