CONVERSATION ID,CONVERSATION TITLE,FROM,SENDER PROFILE URL,TO,RECIPIENT PROFILE URLS,DATE,SUBJECT,CONTENT,FOLDER
2-MTc3M2Y5YTItNTg5Ni00M2Y4LWIyM2YtMjYwNDE0ODg4OTE3XzAxMA==,Rankings de Los Mejores Lugares para Trabajar™ 2023 de GPTW,Jorge García,,Fernando Nicolas Zelarayan,https://www.linkedin.com/in/fernando-nicolas-zelarayan,2023-06-03 16:52:30 UTC,,"<p class=""spinmail-quill-editor__spin-break"">Hola Fernando Nicolas,</p><p class=""spinmail-quill-editor__spin-break""><br></p><p class=""spinmail-quill-editor__spin-break"">¿Pensás que SYNAgro - Software Agropecuario  es un excelente lugar para trabajar? ¿Querés atraer y retener talento? ¿Te interesa potenciar la marca empleadora?</p><p class=""spinmail-quill-editor__spin-break""><br></p><p class=""spinmail-quill-editor__spin-break"">Medí tu cultura organizacional a través de nuestra encuesta de clima y formá parte de los ranking de Los Mejores Lugares para Trabajar™ 2023 de Great Place to Work sin costo adicional.</p><p class=""spinmail-quill-editor__spin-break""><br></p><p class=""spinmail-quill-editor__spin-break"">Completá el formulario a continuación y un ejecutivo te contactará para brindarte más información.</p><p class=""spinmail-quill-editor__spin-break""><br></p><p class=""spinmail-quill-editor__spin-break"">¿Empezamos?</p>",INBOX
2-ODJlNDM5ZTMtNTRmNS00NDg4LTk0YmItNTkzYWYzNzhjMDE4XzAxMw==,Sponsored Conversation,LinkedIn Member,,Fernando Nicolas Zelarayan,https://www.linkedin.com/in/fernando-nicolas-zelarayan,2023-05-22 15:30:32 UTC,,"Hola, %FIRSTNAME%:  Soy André, gerente de marketing digital en LinkedIn Sales Solutions.  Gracias por confiar en LinkedIn. Queremos invitarte nuevamente a LinkedIn Sales Navigator, la mejor herramienta de ventas que ofrece los datos B2B más fiables para encontrar potenciales clientes y cerrar más negocios. Consulta las nuevas funciones y obtén un 50% de descuento durante 2 meses.   ¿Todo listo para empezar? ",INBOX
2-ZTAxMGMwYzQtZjE3Mi00MjljLWFkNzMtMDI4ZmIxOWU3NDczXzAxMA==,,Fernando Nicolas Zelarayan,https://www.linkedin.com/in/fernando-nicolas-zelarayan,Natalia  Caballero,https://www.linkedin.com/in/natalia-caballero-8854b7235,2023-05-12 16:22:54 UTC,,"Gracias por compartir esta oportunidad conmigo. Me interesa mucho el programa que ofrecen, pero en este momento estoy ocupado con mis estudios y no puedo comprometerme con un programa de entrenamiento adicional. Sin embargo, definitivamente me gustaría participar en el futuro cuando tenga más tiempo disponible.  Les agradezco nuevamente por considerarme y me gustaría estar en contacto para futuras oportunidades una vez que esté disponible.   Gracias por su comprensión y espero poder conectarme con ustedes en un futuro cercano.  Saludos cordiales",INBOX
2-ZTAxMGMwYzQtZjE3Mi00MjljLWFkNzMtMDI4ZmIxOWU3NDczXzAxMA==,,Natalia  Caballero,https://www.linkedin.com/in/natalia-caballero-8854b7235,Fernando Nicolas Zelarayan,https://www.linkedin.com/in/fernando-nicolas-zelarayan,2023-05-12 16:16:43 UTC,,"Te cuento! Ofrecemos entrenamiento en habilidades tecnológicas, asesoría para conectar con empresas, coaching para crear tu perfil profesional con estándares internacionales, clases de negociación salarial, además ingresando a Go podrás sumarte gratuitamente a nuestra bolsa de empleos llamada ""Talently Match"" en donde las empresas tech estarán posteando sus búsquedas.  Costo del programa: Hay un costo de matricula inicial por USD 269 pero tenemos becas disponibles! cuando te ayudemos a conseguir tu nuevo empleo deberás pagar (por única vez) un sueldo, fraccionado en 3 cuotas (solo si consigues el empleo)   Horario: Manejamos 3 franjas horarias disponibles para las mentorias personalizadas.  Si te parece, te puedo dejar el link para que agendes una entrevista con uno de nuestros especialistas IT. ¿Qué te parece?",INBOX
2-ZTAxMGMwYzQtZjE3Mi00MjljLWFkNzMtMDI4ZmIxOWU3NDczXzAxMA==,,Natalia  Caballero,https://www.linkedin.com/in/natalia-caballero-8854b7235,Fernando Nicolas Zelarayan,https://www.linkedin.com/in/fernando-nicolas-zelarayan,2023-05-12 15:45:59 UTC,,"Hola Fernando Nicolas! Me gustó mucho tu perfil para que te unas a Talently Go. Capacitamos a developers, DevOps y DS con +2 años de experiencia para que conecten con empresas globales y mejoren su salario en USD. Tenemos un cupo limitado de becas para ofrecerte. Escribime y te cuento!🚀",INBOX
2-NWQyN2NlOWUtNjljMC00MGRlLWI3NTUtYTBiOGI4NjIzNjNlXzAxMw==,Formá parte de Los Mejores Lugares para Trabajar 2023 ,Gonzalo Polanco,,Fernando Nicolas Zelarayan,https://www.linkedin.com/in/fernando-nicolas-zelarayan,2023-05-12 04:42:14 UTC,,"<p class=""spinmail-quill-editor__spin-break"">Hola Fernando Nicolas,</p><p class=""spinmail-quill-editor__spin-break""><br></p><p class=""spinmail-quill-editor__spin-break"">¿Pensás que SYNAgro - Software Agropecuario  es un excelente lugar para trabajar?</p><p class=""spinmail-quill-editor__spin-break""><br></p><p class=""spinmail-quill-editor__spin-break"">Medí tu cultura organizacional a través de nuestra encuesta de clima y formá parte de los ranking de Los Mejores Lugares para Trabajar 2023 de Great Place to Work sin costo adicional.</p><p class=""spinmail-quill-editor__spin-break""><br></p><p class=""spinmail-quill-editor__spin-break"">Además te ayuda a atraer mejor talento, potenciar tu marca y asegurar una ventaja competitiva para tu organización.</p><p class=""spinmail-quill-editor__spin-break""><br></p><p class=""spinmail-quill-editor__spin-break"">¿Te gustaría que un ejecutivo te contacte y brinde más información?</p>",INBOX
2-OTQ4NjEyMmEtMTM5YS00NzZjLTliNDItZTFlYjk3ZWU4OTBlXzAxMw==,,Fernando Nicolas Zelarayan,https://www.linkedin.com/in/fernando-nicolas-zelarayan,Enzo De Santi,https://www.linkedin.com/in/enzodesanti,2023-05-09 16:53:53 UTC,,"Hola Enzo, un gusto para mi también conocerte, seguramente tengamos intereses en común. Si sería una conexión ideal, tu perfil también se ve muy interesante. Estamos en contacto. Saludos",INBOX
2-OTQ4NjEyMmEtMTM5YS00NzZjLTliNDItZTFlYjk3ZWU4OTBlXzAxMw==,,Enzo De Santi,https://www.linkedin.com/in/enzodesanti,Fernando Nicolas Zelarayan,https://www.linkedin.com/in/fernando-nicolas-zelarayan,2023-05-09 16:50:16 UTC,,"Hola Fernando,  Un gusto saludarte. Hace tiempo que interactúo con personas del ámbito tecnológico. Vi tu perfil en LinkedIn y pensé que sería ideal si conectarnos. Probablemente tenemos intereses en común!  Saludos",INBOX
2-ZGQ0ODNkYzMtZjg4NC00MzMxLWExYzItMDAxYmU1MTc4OWFjXzAxMg==,,,,,,2023-04-29 03:14:28 UTC,,Message request accepted,INBOX
2-ZGQ0ODNkYzMtZjg4NC00MzMxLWExYzItMDAxYmU1MTc4OWFjXzAxMg==,,Marianela Marcato,https://www.linkedin.com/in/marianela-marcato-290a151b0,Fernando Nicolas Zelarayan,https://www.linkedin.com/in/fernando-nicolas-zelarayan,2023-04-28 22:23:40 UTC,,"Hola Fernando , cómo estás?. En Venon Solutions estamos buscando un Analista DevOps (Argentina) para sumarse a nuestra empresa. La posición es full-time, remota, pago en $ARS. Si te interesa evaluar un cambio laboral te pido que me avises, así te envío un poco más de detalle de la oportunidad. Saludos!!",INBOX
2-MGNhNWViNDAtNWU3Ni00YmNkLTkxOWYtMzZkNWMxOTIwNTE2XzAxMw==,Sumate a Censys! - Administrador/a de Sistemas,Fernando Nicolas Zelarayan,https://www.linkedin.com/in/fernando-nicolas-zelarayan,Anaclara Rocha,https://www.linkedin.com/in/anaclara-rocha95,2023-04-27 13:22:13 UTC,Sumate a Censys! - Administrador/a de Sistemas,"Perfecto muchas gracias a vos, Saludos",INBOX
2-MGNhNWViNDAtNWU3Ni00YmNkLTkxOWYtMzZkNWMxOTIwNTE2XzAxMw==,Sumate a Censys! - Administrador/a de Sistemas,Anaclara Rocha,https://www.linkedin.com/in/anaclara-rocha95,Fernando Nicolas Zelarayan,https://www.linkedin.com/in/fernando-nicolas-zelarayan,2023-04-27 13:12:47 UTC,Sumate a Censys! - Administrador/a de Sistemas,"Muchas gracias por tu respuesta Fernando! Quedamos en contacto para oportunidades futuras. En caso de que se te ocurra alguien para referir para el rol, no dudes en ponernos en contacto. Saludos!",INBOX
2-MGNhNWViNDAtNWU3Ni00YmNkLTkxOWYtMzZkNWMxOTIwNTE2XzAxMw==,Sumate a Censys! - Administrador/a de Sistemas,Fernando Nicolas Zelarayan,https://www.linkedin.com/in/fernando-nicolas-zelarayan,Anaclara Rocha,https://www.linkedin.com/in/anaclara-rocha95,2023-04-27 13:08:05 UTC,Sumate a Censys! - Administrador/a de Sistemas,"Buen día Anaclara agradezco su interés en mi perfil profesional. Sin embargo, en este momento me encuentro en un puesto que he comenzado recientemente y estoy enfocado en esta posición. Aunque en este momento no estoy considerando cambiar de trabajo, no descarto la posibilidad de conversar en un futuro sobre cualquier oportunidad que pueda surgir. Muchas gracias nuevamente por pensar en mí.",INBOX
2-MGNhNWViNDAtNWU3Ni00YmNkLTkxOWYtMzZkNWMxOTIwNTE2XzAxMw==,Sumate a Censys! - Administrador/a de Sistemas,Anaclara Rocha,https://www.linkedin.com/in/anaclara-rocha95,Fernando Nicolas Zelarayan,https://www.linkedin.com/in/fernando-nicolas-zelarayan,2023-04-26 18:48:28 UTC,Sumate a Censys! - Administrador/a de Sistemas,"Hola Fernando, cómo estás?   Me contacto porque me interesó tu perfil para la posición de Administrador/a de Sistemas para Censys, ﻿compañía nacional especializada en soluciones tecnológicas para entidades financieras. Se trata de una empresa que tiene una trayectoria de 46 años en el mercado, cuyos productos son únicos e innovadores a nivel nacional.   ﻿Este rol  tendrá el objetivo de ﻿﻿administrar la infraestructura y sistemas operativos Windows y Linux on premise y cloud. Deberá mantener la continuidad de servicios de los servidores que soportan las operaciones. Por la tanto, estará a cargo de la planificación de tareas de revisión de los servidores, monitoreo de los mismos, armado de planes de optimización y resolución de posibles fallas.   ﻿Buscamos experiencia de 2 a 3 años en sistemas operativos Windows y Linux, bases de datos, administración en virtualización, de redes y de Active Directory, protocolos de redes y backups.   ﻿La posición requiere trabajar de forma presencial en las oficinas que la compañía tiene en Yerba Buena.   ﻿Si te motiva sumarte a una compañía líder en soluciones tecnológicas para la industria financiera y considerás que puede ser el siguiente paso en tu carrera, te pido por favor un teléfono de contacto así nos comunicamos para contarte más de la propuesta.   ﻿Muchas gracias!  Anaclara Rocha Recruiter at HR NET Consulting",INBOX
2-MjQxYWJkNzYtOTYwZC00OWY5LTg5MWQtZGQ0NTk0ZGViMmRjXzAxMA==,"Hola, ¿cómo estás?",Julieta Ailen Victoriano,,Fernando Nicolas Zelarayan,https://www.linkedin.com/in/fernando-nicolas-zelarayan,2023-04-18 23:59:19 UTC,,"<p class=""spinmail-quill-editor__spin-break"">Soy Julieta, del equipo de Payoneer en Argentina.</p><p class=""spinmail-quill-editor__spin-break""><br></p><p class=""spinmail-quill-editor__spin-break"">Hace tiempo ayudamos a miles de empresas a simplificar su forma de pagar y cobrar en todo el mundo. ¿Es algo que te interesa a ti y a tu empresa?</p><p class=""spinmail-quill-editor__spin-break""><br></p><p class=""spinmail-quill-editor__spin-break"">Mira lo que podemos ofrecerte:</p><p class=""spinmail-quill-editor__spin-break"">- Cuentas locales en más de 8 monedas (dólar, euro, libra, dólar canadiense, etc.)</p><p class=""spinmail-quill-editor__spin-break"">- Pagos con tarjeta de crédito y posibilidad de recibir desde todo el mundo con una cuenta Swift</p><p class=""spinmail-quill-editor__spin-break"">- Tarjeta internacional Payoneer Commercial Mastercard&nbsp;</p><p class=""spinmail-quill-editor__spin-break""><br></p><p class=""spinmail-quill-editor__spin-break"">E incluso puedes enviar pagos a cuentas bancarias de todo el mundo además de, claro, recibir asesoramiento personalizado gratuito para internacionalizar tu negocio de forma independiente u ofreciendo tus servicios en las principales plataformas y marketplaces.</p><p class=""spinmail-quill-editor__spin-break""><br></p><p class=""spinmail-quill-editor__spin-break"">Espero poder ayudarte en tu expansión internacional, es solo cliquear en el botón de abajo:</p>",INBOX
2-MWQzMmU1MTgtNmNhNC00MGVkLWJmOTMtMjc0MzAyZjgxNTVmXzAxMw==,,Fernando Nicolas Zelarayan,https://www.linkedin.com/in/fernando-nicolas-zelarayan,Florencia Elsie Camona,https://www.linkedin.com/in/florencia-elsie-camona,2023-04-18 13:20:39 UTC,,Si por ahí en este tipo de carrera y en esta modalidad es importante lo autodidacta y el proyecto te da esa posibilidad de explorar soluciones nuevas más allá de lo visto en clase. Por ejemplo el frontend no es lo mío soy malisimo pero con la continuación del proyecto y del equipo me pude enfocar en la infraestructura cloud y el manejo de servidores para emular un ambiente productivo real mientras mis compañeros se dividen el frontend y el backend,INBOX
2-MWQzMmU1MTgtNmNhNC00MGVkLWJmOTMtMjc0MzAyZjgxNTVmXzAxMw==,,Florencia Elsie Camona,https://www.linkedin.com/in/florencia-elsie-camona,Fernando Nicolas Zelarayan,https://www.linkedin.com/in/fernando-nicolas-zelarayan,2023-04-14 17:53:16 UTC,,"Claro, trabajar con un mismo proyecto en el tiempo te da un conocimiento mucho mas profundo. Gracias por contarme algunos detalles sobre la carrera! Me pareció muy buena iniciativa también que enseñen lenguajes mas actuales. Yo ahora estoy haciendo ejercicios de PSeInt,  para mejorar la lógica. Tengo cierta formación autodidacta pero quiero fortalecer las bases, venia con poca practica y eso es importante 😅",INBOX
2-MWQzMmU1MTgtNmNhNC00MGVkLWJmOTMtMjc0MzAyZjgxNTVmXzAxMw==,,Fernando Nicolas Zelarayan,https://www.linkedin.com/in/fernando-nicolas-zelarayan,Florencia Elsie Camona,https://www.linkedin.com/in/florencia-elsie-camona,2023-04-14 16:11:04 UTC,,Por ejemplo mi grupo como teníamos casi lista la app decidimos migrar la infraestructura a la nube y cambiar el backend probando distintos servidores web,INBOX
2-MWQzMmU1MTgtNmNhNC00MGVkLWJmOTMtMjc0MzAyZjgxNTVmXzAxMw==,,Fernando Nicolas Zelarayan,https://www.linkedin.com/in/fernando-nicolas-zelarayan,Florencia Elsie Camona,https://www.linkedin.com/in/florencia-elsie-camona,2023-04-14 16:10:03 UTC,,Y en estadística había distintos temas para elegir y era libre el uso de la tecnología.  No era necesario tenerlo terminado pero si armado el proyecto y este año lo estamos continuando ,INBOX
2-MWQzMmU1MTgtNmNhNC00MGVkLWJmOTMtMjc0MzAyZjgxNTVmXzAxMw==,,Fernando Nicolas Zelarayan,https://www.linkedin.com/in/fernando-nicolas-zelarayan,Florencia Elsie Camona,https://www.linkedin.com/in/florencia-elsie-camona,2023-04-14 16:08:43 UTC,,El de programación era en java desarrollar un sistema en base a lo aprendido con pseint,INBOX
2-MWQzMmU1MTgtNmNhNC00MGVkLWJmOTMtMjc0MzAyZjgxNTVmXzAxMw==,,Fernando Nicolas Zelarayan,https://www.linkedin.com/in/fernando-nicolas-zelarayan,Florencia Elsie Camona,https://www.linkedin.com/in/florencia-elsie-camona,2023-04-14 16:08:18 UTC,,"El año pasado tuvimos 2 proyectos, uno en programación II y otro en estadística con el profe osvaldo",INBOX
2-MWQzMmU1MTgtNmNhNC00MGVkLWJmOTMtMjc0MzAyZjgxNTVmXzAxMw==,,Florencia Elsie Camona,https://www.linkedin.com/in/florencia-elsie-camona,Fernando Nicolas Zelarayan,https://www.linkedin.com/in/fernando-nicolas-zelarayan,2023-04-13 23:58:19 UTC,,"Es una excelente iniciativa de parte de la universidad, donde yo vivo las UTN volvieron a un esquema 100% presencial y es una lastima. Que bueno lo del proyecto, de qué se trata? Me gustó el esquema de arrancar con un grupo de trabajo y mantenerlo.",INBOX
2-MWQzMmU1MTgtNmNhNC00MGVkLWJmOTMtMjc0MzAyZjgxNTVmXzAxMw==,,Fernando Nicolas Zelarayan,https://www.linkedin.com/in/fernando-nicolas-zelarayan,Florencia Elsie Camona,https://www.linkedin.com/in/florencia-elsie-camona,2023-04-13 16:18:51 UTC,,Se enfocaron mucho en la práctica en el 2do semestre y estuvo muy bueno y este año estamos continuando con el mismo proyecto ,INBOX
2-MWQzMmU1MTgtNmNhNC00MGVkLWJmOTMtMjc0MzAyZjgxNTVmXzAxMw==,,Fernando Nicolas Zelarayan,https://www.linkedin.com/in/fernando-nicolas-zelarayan,Florencia Elsie Camona,https://www.linkedin.com/in/florencia-elsie-camona,2023-04-13 16:17:41 UTC,,"Hola Florencia, de momento excelente la experiencia. Muy buenos y accesibles los profes",INBOX
2-MWQzMmU1MTgtNmNhNC00MGVkLWJmOTMtMjc0MzAyZjgxNTVmXzAxMw==,,Florencia Elsie Camona,https://www.linkedin.com/in/florencia-elsie-camona,Fernando Nicolas Zelarayan,https://www.linkedin.com/in/fernando-nicolas-zelarayan,2023-04-13 14:19:17 UTC,,"Hola Fernando, cómo estás? Gracias por aceptar la solicitud, vi que también estudias en la UTN de San Rafael, yo empecé este año y estoy muy contenta! Que tal tu experiencia?",INBOX
2-MjU0YjY3YjEtMWVkNy00NDBmLWJkNGYtNDM3Njk4NTFjZGQ3XzAxMw==,,Melany Wolberg,https://www.linkedin.com/in/melanywolberg,Fernando Nicolas Zelarayan,https://www.linkedin.com/in/fernando-nicolas-zelarayan,2023-03-28 11:06:43 UTC,,Muchas gracias!!!😊,INBOX
2-MjU0YjY3YjEtMWVkNy00NDBmLWJkNGYtNDM3Njk4NTFjZGQ3XzAxMw==,,Fernando Nicolas Zelarayan,https://www.linkedin.com/in/fernando-nicolas-zelarayan,Melany Wolberg,https://www.linkedin.com/in/melanywolberg,2023-03-28 00:23:09 UTC,,¡Felicidades Melany por tu aniversario de trabajo!,INBOX
2-MjU0YjY3YjEtMWVkNy00NDBmLWJkNGYtNDM3Njk4NTFjZGQ3XzAxMw==,,Melany Wolberg,https://www.linkedin.com/in/melanywolberg,Fernando Nicolas Zelarayan,https://www.linkedin.com/in/fernando-nicolas-zelarayan,2023-01-20 13:55:22 UTC,,"Gracias a vos Fer, estamos en contacto, quedo a disposición!",INBOX
2-MjU0YjY3YjEtMWVkNy00NDBmLWJkNGYtNDM3Njk4NTFjZGQ3XzAxMw==,,Fernando Nicolas Zelarayan,https://www.linkedin.com/in/fernando-nicolas-zelarayan,Melany Wolberg,https://www.linkedin.com/in/melanywolberg,2023-01-20 13:54:35 UTC,,"Hola Melany gracias por avisarme. entiendo perfectamente, si me encantaría que me tengas en cuenta para alguna búsqueda futura.",INBOX
2-MjU0YjY3YjEtMWVkNy00NDBmLWJkNGYtNDM3Njk4NTFjZGQ3XzAxMw==,,Melany Wolberg,https://www.linkedin.com/in/melanywolberg,Fernando Nicolas Zelarayan,https://www.linkedin.com/in/fernando-nicolas-zelarayan,2023-01-20 13:52:09 UTC,,"Bien, gracias Te escribo para comentarte que en esta oportunidad han decidido seguir avanzando con otro candidato... Te quiero agradecer por tu predisposición en todo momento y, si te parece, me gustaría tenerte en cuenta para otras búsquedas que surjan acordes a tu perfil.",INBOX
2-MjU0YjY3YjEtMWVkNy00NDBmLWJkNGYtNDM3Njk4NTFjZGQ3XzAxMw==,,Fernando Nicolas Zelarayan,https://www.linkedin.com/in/fernando-nicolas-zelarayan,Melany Wolberg,https://www.linkedin.com/in/melanywolberg,2023-01-19 21:32:21 UTC,,Hola melany bien y vos?,INBOX
2-MjU0YjY3YjEtMWVkNy00NDBmLWJkNGYtNDM3Njk4NTFjZGQ3XzAxMw==,,Melany Wolberg,https://www.linkedin.com/in/melanywolberg,Fernando Nicolas Zelarayan,https://www.linkedin.com/in/fernando-nicolas-zelarayan,2023-01-19 18:47:10 UTC,,"Hola Fer, cómo estás?",INBOX
2-MjU0YjY3YjEtMWVkNy00NDBmLWJkNGYtNDM3Njk4NTFjZGQ3XzAxMw==,,Melany Wolberg,https://www.linkedin.com/in/melanywolberg,Fernando Nicolas Zelarayan,https://www.linkedin.com/in/fernando-nicolas-zelarayan,2023-01-11 20:01:20 UTC,,"Buenísimo, invitación enviada! Nos vemos mañana :)",INBOX
2-MjU0YjY3YjEtMWVkNy00NDBmLWJkNGYtNDM3Njk4NTFjZGQ3XzAxMw==,,Fernando Nicolas Zelarayan,https://www.linkedin.com/in/fernando-nicolas-zelarayan,Melany Wolberg,https://www.linkedin.com/in/melanywolberg,2023-01-11 20:00:54 UTC,,,INBOX
2-MjU0YjY3YjEtMWVkNy00NDBmLWJkNGYtNDM3Njk4NTFjZGQ3XzAxMw==,,Fernando Nicolas Zelarayan,https://www.linkedin.com/in/fernando-nicolas-zelarayan,Melany Wolberg,https://www.linkedin.com/in/melanywolberg,2023-01-11 20:00:37 UTC,,Dale ahí te paso el mail y te adjunto el cv. nicolaszelarayan.ez@gmail.com,INBOX
2-MjU0YjY3YjEtMWVkNy00NDBmLWJkNGYtNDM3Njk4NTFjZGQ3XzAxMw==,,Melany Wolberg,https://www.linkedin.com/in/melanywolberg,Fernando Nicolas Zelarayan,https://www.linkedin.com/in/fernando-nicolas-zelarayan,2023-01-11 19:52:40 UTC,,"Bárbaro! Te voy a pedir tu mail para enviarte el invite de la meeting, será vía Teams, y tu CV si lo tenés a mano",INBOX
2-MjU0YjY3YjEtMWVkNy00NDBmLWJkNGYtNDM3Njk4NTFjZGQ3XzAxMw==,,Fernando Nicolas Zelarayan,https://www.linkedin.com/in/fernando-nicolas-zelarayan,Melany Wolberg,https://www.linkedin.com/in/melanywolberg,2023-01-11 19:27:23 UTC,,Perfecto ya agendo para mañana a las 11,INBOX
2-MjU0YjY3YjEtMWVkNy00NDBmLWJkNGYtNDM3Njk4NTFjZGQ3XzAxMw==,,Fernando Nicolas Zelarayan,https://www.linkedin.com/in/fernando-nicolas-zelarayan,Melany Wolberg,https://www.linkedin.com/in/melanywolberg,2023-01-11 19:27:14 UTC,,Si para mi también seria lo mejor,INBOX
2-MjU0YjY3YjEtMWVkNy00NDBmLWJkNGYtNDM3Njk4NTFjZGQ3XzAxMw==,,Melany Wolberg,https://www.linkedin.com/in/melanywolberg,Fernando Nicolas Zelarayan,https://www.linkedin.com/in/fernando-nicolas-zelarayan,2023-01-11 19:26:37 UTC,,"Fer, mañana a las 11 am cómo te quedaría? Hoy estoy toda la tarde con reuniones 😢",INBOX
2-MjU0YjY3YjEtMWVkNy00NDBmLWJkNGYtNDM3Njk4NTFjZGQ3XzAxMw==,,Fernando Nicolas Zelarayan,https://www.linkedin.com/in/fernando-nicolas-zelarayan,Melany Wolberg,https://www.linkedin.com/in/melanywolberg,2023-01-11 17:45:09 UTC,,"Si podríamos hacer un meeting no hay problema, nose que horarios tenes disponibles yo en aproximadamente 1hr podria",INBOX
2-MjU0YjY3YjEtMWVkNy00NDBmLWJkNGYtNDM3Njk4NTFjZGQ3XzAxMw==,,Melany Wolberg,https://www.linkedin.com/in/melanywolberg,Fernando Nicolas Zelarayan,https://www.linkedin.com/in/fernando-nicolas-zelarayan,2023-01-11 16:59:28 UTC,,"Hola Fernando. Muchas gracias por tu respuesta!  Si querés podemos coordinar una meeting así te comento más sobre esta oportunidad o, sino, te comento por acá, que preferís? Quedo atenta!",INBOX
2-MjU0YjY3YjEtMWVkNy00NDBmLWJkNGYtNDM3Njk4NTFjZGQ3XzAxMw==,,Fernando Nicolas Zelarayan,https://www.linkedin.com/in/fernando-nicolas-zelarayan,Melany Wolberg,https://www.linkedin.com/in/melanywolberg,2023-01-11 16:01:31 UTC,,"Hola Melany, si me encantaria conocer más sobre las oportunidades laborales que tengas actualmente disponibles ",INBOX
2-MjU0YjY3YjEtMWVkNy00NDBmLWJkNGYtNDM3Njk4NTFjZGQ3XzAxMw==,,Melany Wolberg,https://www.linkedin.com/in/melanywolberg,Fernando Nicolas Zelarayan,https://www.linkedin.com/in/fernando-nicolas-zelarayan,2023-01-11 15:58:57 UTC,,"Hola! ¿Cómo estás Fernando Nicolas? Te escribo desde ASAP Consulting porque me encantaría que conectemos para comentarte de nuestras oportunidades laborales! 😁 De ser de tu interés por favor comentámelo, así te acerco más información, Muchas gracias, muy buena semana!!!",INBOX
2-NDBmMDkwYTAtOTlmZC00ZTNjLWJkNmUtZWZkMmE5ZDU2MTgyXzAxMw==,,Carolina Manzano,https://www.linkedin.com/in/carolina-manzano-b5267b180,Fernando Nicolas Zelarayan,https://www.linkedin.com/in/fernando-nicolas-zelarayan,2023-03-22 14:58:00 UTC,,Dale en un ratito te envío el invite !! Gracias ,INBOX
2-NDBmMDkwYTAtOTlmZC00ZTNjLWJkNmUtZWZkMmE5ZDU2MTgyXzAxMw==,,Fernando Nicolas Zelarayan,https://www.linkedin.com/in/fernando-nicolas-zelarayan,Carolina Manzano,https://www.linkedin.com/in/carolina-manzano-b5267b180,2023-03-22 12:37:09 UTC,,Si sería perfecto ese horario,INBOX
2-NDBmMDkwYTAtOTlmZC00ZTNjLWJkNmUtZWZkMmE5ZDU2MTgyXzAxMw==,,Carolina Manzano,https://www.linkedin.com/in/carolina-manzano-b5267b180,Fernando Nicolas Zelarayan,https://www.linkedin.com/in/fernando-nicolas-zelarayan,2023-03-22 12:29:22 UTC,,A partir de las 15.30 estamos libres. Puede ser a esa hora o a las 16hs? ,INBOX
2-NDBmMDkwYTAtOTlmZC00ZTNjLWJkNmUtZWZkMmE5ZDU2MTgyXzAxMw==,,Fernando Nicolas Zelarayan,https://www.linkedin.com/in/fernando-nicolas-zelarayan,Carolina Manzano,https://www.linkedin.com/in/carolina-manzano-b5267b180,2023-03-22 12:25:21 UTC,,Si en que horario ?,INBOX
2-NDBmMDkwYTAtOTlmZC00ZTNjLWJkNmUtZWZkMmE5ZDU2MTgyXzAxMw==,,Carolina Manzano,https://www.linkedin.com/in/carolina-manzano-b5267b180,Fernando Nicolas Zelarayan,https://www.linkedin.com/in/fernando-nicolas-zelarayan,2023-03-22 11:50:35 UTC,,Claro !! Y hoy por la tarde podés ??,INBOX
2-NDBmMDkwYTAtOTlmZC00ZTNjLWJkNmUtZWZkMmE5ZDU2MTgyXzAxMw==,,Fernando Nicolas Zelarayan,https://www.linkedin.com/in/fernando-nicolas-zelarayan,Carolina Manzano,https://www.linkedin.com/in/carolina-manzano-b5267b180,2023-03-22 11:28:04 UTC,,En el mail te comentaba sobre mi problema para reunirnos mañana en el horario de las 10,INBOX
2-NDBmMDkwYTAtOTlmZC00ZTNjLWJkNmUtZWZkMmE5ZDU2MTgyXzAxMw==,,Fernando Nicolas Zelarayan,https://www.linkedin.com/in/fernando-nicolas-zelarayan,Carolina Manzano,https://www.linkedin.com/in/carolina-manzano-b5267b180,2023-03-22 11:27:31 UTC,,"Buen día Carolina, si lo recibí correctamente al mail, recién pude verlo tarde noche y te respondí recien",INBOX
2-NDBmMDkwYTAtOTlmZC00ZTNjLWJkNmUtZWZkMmE5ZDU2MTgyXzAxMw==,,Carolina Manzano,https://www.linkedin.com/in/carolina-manzano-b5267b180,Fernando Nicolas Zelarayan,https://www.linkedin.com/in/fernando-nicolas-zelarayan,2023-03-22 10:41:28 UTC,,"Hola Fernando!! Cómo te va ? Mi nombre es Carolina Manzano de la empresa Strata Analytics. Ayer te enviamos un mail para coordinar una entrevista, ya que fuiste recomendado para el puesto L1 Monitoring & Customer Support. Avísame si lo recibiste. Gracias!",INBOX
2-ZGQwYzJlOWItOTM4NS00NWI1LWIzMTAtNDZlNzA2MWFiN2ZmXzAxMw==,,David Mercado,https://www.linkedin.com/in/david-mercado-510721176,Fernando Nicolas Zelarayan,https://www.linkedin.com/in/fernando-nicolas-zelarayan,2023-02-21 02:56:46 UTC,,Gracias ura,INBOX
2-ZGQwYzJlOWItOTM4NS00NWI1LWIzMTAtNDZlNzA2MWFiN2ZmXzAxMw==,,Fernando Nicolas Zelarayan,https://www.linkedin.com/in/fernando-nicolas-zelarayan,David Mercado,https://www.linkedin.com/in/david-mercado-510721176,2023-02-21 02:45:20 UTC,,https://github.com/NicolasZelarayan/react-docker,INBOX
2-ZGQwYzJlOWItOTM4NS00NWI1LWIzMTAtNDZlNzA2MWFiN2ZmXzAxMw==,,David Mercado,https://www.linkedin.com/in/david-mercado-510721176,Fernando Nicolas Zelarayan,https://www.linkedin.com/in/fernando-nicolas-zelarayan,2023-01-19 14:30:55 UTC,,Hay una banda de puesto ,INBOX
2-ZGQwYzJlOWItOTM4NS00NWI1LWIzMTAtNDZlNzA2MWFiN2ZmXzAxMw==,,David Mercado,https://www.linkedin.com/in/david-mercado-510721176,Fernando Nicolas Zelarayan,https://www.linkedin.com/in/fernando-nicolas-zelarayan,2023-01-19 14:30:46 UTC,,A la mier ql ,INBOX
2-ZGQwYzJlOWItOTM4NS00NWI1LWIzMTAtNDZlNzA2MWFiN2ZmXzAxMw==,,Fernando Nicolas Zelarayan,https://www.linkedin.com/in/fernando-nicolas-zelarayan,David Mercado,https://www.linkedin.com/in/david-mercado-510721176,2023-01-19 07:45:38 UTC,,Echa un vistazo a este empleo en Santander Tecnología Argentina: https://www.linkedin.com/jobs/view/3441026036,INBOX
2-ZGQwYzJlOWItOTM4NS00NWI1LWIzMTAtNDZlNzA2MWFiN2ZmXzAxMw==,,Fernando Nicolas Zelarayan,https://www.linkedin.com/in/fernando-nicolas-zelarayan,David Mercado,https://www.linkedin.com/in/david-mercado-510721176,2023-01-19 07:43:50 UTC,,Echa un vistazo a este empleo en Valtech: https://www.linkedin.com/jobs/view/3440775203,INBOX
2-ZGQwYzJlOWItOTM4NS00NWI1LWIzMTAtNDZlNzA2MWFiN2ZmXzAxMw==,,Fernando Nicolas Zelarayan,https://www.linkedin.com/in/fernando-nicolas-zelarayan,David Mercado,https://www.linkedin.com/in/david-mercado-510721176,2023-01-19 07:42:26 UTC,,Echa un vistazo a este empleo en OpenDev Pro: https://www.linkedin.com/jobs/view/3437433496,INBOX
2-ZGQwYzJlOWItOTM4NS00NWI1LWIzMTAtNDZlNzA2MWFiN2ZmXzAxMw==,,David Mercado,https://www.linkedin.com/in/david-mercado-510721176,Fernando Nicolas Zelarayan,https://www.linkedin.com/in/fernando-nicolas-zelarayan,2022-11-03 02:24:58 UTC,,,INBOX
2-ZGQwYzJlOWItOTM4NS00NWI1LWIzMTAtNDZlNzA2MWFiN2ZmXzAxMw==,,David Mercado,https://www.linkedin.com/in/david-mercado-510721176,Fernando Nicolas Zelarayan,https://www.linkedin.com/in/fernando-nicolas-zelarayan,2022-10-22 20:50:43 UTC,,https://www.linkedin.com/jobs/search/?currentJobId=3313393911&distance=25&f_TPR=r86400&geoId=100446943&keywords=tucuman,INBOX
2-ZGQwYzJlOWItOTM4NS00NWI1LWIzMTAtNDZlNzA2MWFiN2ZmXzAxMw==,,David Mercado,https://www.linkedin.com/in/david-mercado-510721176,Fernando Nicolas Zelarayan,https://www.linkedin.com/in/fernando-nicolas-zelarayan,2022-10-22 20:50:10 UTC,,https://www.linkedin.com/jobs/search/?currentJobId=3313398557&distance=25&f_TPR=r86400&geoId=100446943&keywords=tucuman,INBOX
2-ZGQwYzJlOWItOTM4NS00NWI1LWIzMTAtNDZlNzA2MWFiN2ZmXzAxMw==,,David Mercado,https://www.linkedin.com/in/david-mercado-510721176,Fernando Nicolas Zelarayan,https://www.linkedin.com/in/fernando-nicolas-zelarayan,2022-10-22 20:49:31 UTC,,https://www.linkedin.com/jobs/search/?currentJobId=3295990697&distance=25&f_TPR=r86400&geoId=100446943&keywords=tucuman,INBOX
2-ZDM4NDQxODUtOGJiYi00NDgyLTkzYmMtMDk2MGQ3MjgzOGEzXzAxMA==,,Fernando Nicolas Zelarayan,https://www.linkedin.com/in/fernando-nicolas-zelarayan,Bruno Capuano,https://www.linkedin.com/in/elbruno,2023-02-09 23:49:30 UTC,,Thanks Bruno!,INBOX
2-ZDM4NDQxODUtOGJiYi00NDgyLTkzYmMtMDk2MGQ3MjgzOGEzXzAxMA==,,Bruno Capuano,https://www.linkedin.com/in/elbruno,Fernando Nicolas Zelarayan,https://www.linkedin.com/in/fernando-nicolas-zelarayan,2023-02-09 22:46:53 UTC,,Congrats on the new job!,INBOX
2-YTRmYzk1ZTQtMjNiMS00NGFmLWFmODAtZTg4NzhkOGRkMTZlXzAxMg==,,Fernando Nicolas Zelarayan,https://www.linkedin.com/in/fernando-nicolas-zelarayan,Torres Zamora,https://www.linkedin.com/in/torres-zamora-37a9261b4,2023-02-07 16:28:32 UTC,,Muchas gracias,INBOX
2-YTRmYzk1ZTQtMjNiMS00NGFmLWFmODAtZTg4NzhkOGRkMTZlXzAxMg==,,Torres Zamora,https://www.linkedin.com/in/torres-zamora-37a9261b4,Fernando Nicolas Zelarayan,https://www.linkedin.com/in/fernando-nicolas-zelarayan,2023-02-07 16:27:51 UTC,,¡Felicidades por tu nuevo puesto Fernando! Que sigan los exitos.,INBOX
2-YTRmYzk1ZTQtMjNiMS00NGFmLWFmODAtZTg4NzhkOGRkMTZlXzAxMg==,,Fernando Nicolas Zelarayan,https://www.linkedin.com/in/fernando-nicolas-zelarayan,Torres Zamora,https://www.linkedin.com/in/torres-zamora-37a9261b4,2022-11-17 17:07:23 UTC,,Gracias,INBOX
2-YTRmYzk1ZTQtMjNiMS00NGFmLWFmODAtZTg4NzhkOGRkMTZlXzAxMg==,,Torres Zamora,https://www.linkedin.com/in/torres-zamora-37a9261b4,Fernando Nicolas Zelarayan,https://www.linkedin.com/in/fernando-nicolas-zelarayan,2022-11-17 17:06:56 UTC,,¡Felicidades por tu aniversario de trabajo! Que sigan los éxitos.,INBOX
2-ZmM3MTA2MjgtNGMwMi00MTg4LWIwYWItZGMxMTFjYzc3OTE1XzAxMw==,,Rolando Manuel Mata Teran,https://www.linkedin.com/in/rolando-manuel-mata-teran-276615141,Fernando Nicolas Zelarayan,https://www.linkedin.com/in/fernando-nicolas-zelarayan,2023-02-07 11:36:05 UTC,,"Te invito a suscribirte a mi canal de YouTube, y no olvides activar la campanita de Notificaciones para enterarte de nuevo contenido: https://www.youtube.com/c/MIRANDOALMUNDO",INBOX
2-ZmM3MTA2MjgtNGMwMi00MTg4LWIwYWItZGMxMTFjYzc3OTE1XzAxMw==,,Rolando Manuel Mata Teran,https://www.linkedin.com/in/rolando-manuel-mata-teran-276615141,Fernando Nicolas Zelarayan,https://www.linkedin.com/in/fernando-nicolas-zelarayan,2023-02-07 11:36:02 UTC,,De nada,INBOX
2-ZmM3MTA2MjgtNGMwMi00MTg4LWIwYWItZGMxMTFjYzc3OTE1XzAxMw==,,Fernando Nicolas Zelarayan,https://www.linkedin.com/in/fernando-nicolas-zelarayan,Rolando Manuel Mata Teran,https://www.linkedin.com/in/rolando-manuel-mata-teran-276615141,2023-02-06 23:26:43 UTC,,Muchas gracias,INBOX
2-ZmM3MTA2MjgtNGMwMi00MTg4LWIwYWItZGMxMTFjYzc3OTE1XzAxMw==,,Rolando Manuel Mata Teran,https://www.linkedin.com/in/rolando-manuel-mata-teran-276615141,Fernando Nicolas Zelarayan,https://www.linkedin.com/in/fernando-nicolas-zelarayan,2023-02-06 23:23:05 UTC,,¡Felicidades por tu nuevo puesto!,INBOX
2-ZTRhMzM5ZmYtNzVjOS00M2VkLWEzNTUtYmE3MDgwNWE0MjhmXzAxMw==,,Fernando Nicolas Zelarayan,https://www.linkedin.com/in/fernando-nicolas-zelarayan,Antonella Catanzano,https://www.linkedin.com/in/antonella-catanzano-39a930103,2023-02-06 23:26:55 UTC,,Muchas gracias,INBOX
2-ZTRhMzM5ZmYtNzVjOS00M2VkLWEzNTUtYmE3MDgwNWE0MjhmXzAxMw==,,Antonella Catanzano,https://www.linkedin.com/in/antonella-catanzano-39a930103,Fernando Nicolas Zelarayan,https://www.linkedin.com/in/fernando-nicolas-zelarayan,2023-02-06 23:00:01 UTC,,¡Felicidades por tu nuevo puesto!,INBOX
2-NDU0ZTc4YTItZmRmNS00OGI3LTg0YjEtZWY5ODJmYzU1ZTkwXzAxMw==,,Fernando Nicolas Zelarayan,https://www.linkedin.com/in/fernando-nicolas-zelarayan,Roberto Dante Buzzi Florines,https://www.linkedin.com/in/roberto-dante-b-a1841497,2023-02-06 21:41:01 UTC,,Gracias,INBOX
2-NDU0ZTc4YTItZmRmNS00OGI3LTg0YjEtZWY5ODJmYzU1ZTkwXzAxMw==,,Roberto Dante Buzzi Florines,https://www.linkedin.com/in/roberto-dante-b-a1841497,Fernando Nicolas Zelarayan,https://www.linkedin.com/in/fernando-nicolas-zelarayan,2023-02-06 21:37:35 UTC,,¡Felicidades por tu nuevo puesto!,INBOX
2-OTg2NmU2MjYtZDVhOS00ZWExLThkYzQtZmU3MWYwZWVlYzE3XzAxMA==,Opportunity with Appen,Leanne Mei Silla,https://www.linkedin.com/in/leanne-mei-silla-00b62021a,Fernando Nicolas Zelarayan,https://www.linkedin.com/in/fernando-nicolas-zelarayan,2023-01-28 02:33:45 UTC,Opportunity with Appen,"Good day!   Thank you for your interest in working with us! We have seen that you applied to one of our job postings. I am messaging to follow up on your application.   We are looking for people from all over the world to participate in some of our many exciting work-from-home opportunities.  Requirements: • Applicants must be self-motivated and internet savvy • No previous work experience or college degree is required • Smartphone or Computer • Knows how to navigate the internet and has enough resources to perform the task   Here are examples of some of the opportunities that may be available (please note that this varies depending on project availability): • Search Engine Evaluation (Work with the world’s top search engine companies) • Social Media Evaluation (Help improve social media around the globe) • Translation • Transcription • Short Surveys (Short projects that last from 15 minutes to three hours) • Data Collection Projects (Voice recording, Image Collection, etc.) • Linguistic Specialties (Text to Speech, Computational, Phonetics, Pronunciation, Annotation, etc.)  Note: ACCEPT this message if you are interested and like to continue your application with Appen projects. Look for project Affenshire if you already have an Appen account.  You may also connect with me for more work-from-home opportunities here in Appen. You can also share this opportunity with your friend/someone who might also be interested.  Regards, Leanne Mei Silla Recruitment Associate at Appen",INBOX
2-MjM4NWEzMTUtODNmMC00OTg3LWEwYTEtMWYxNjcxM2I0MzA5XzAxMw==,,Fernando Nicolas Zelarayan,https://www.linkedin.com/in/fernando-nicolas-zelarayan,Mercedes Farías,https://www.linkedin.com/in/mechifarias,2023-01-23 17:50:12 UTC,,Tengo conocimientos sobre virtualizacion en Linux tanto con maquinas virtuales o Contenedores además del uso de Mysql,INBOX
2-MjM4NWEzMTUtODNmMC00OTg3LWEwYTEtMWYxNjcxM2I0MzA5XzAxMw==,,Fernando Nicolas Zelarayan,https://www.linkedin.com/in/fernando-nicolas-zelarayan,Mercedes Farías,https://www.linkedin.com/in/mechifarias,2023-01-23 17:49:16 UTC,,Actualmente resido en Tucuman,INBOX
2-MjM4NWEzMTUtODNmMC00OTg3LWEwYTEtMWYxNjcxM2I0MzA5XzAxMw==,,Fernando Nicolas Zelarayan,https://www.linkedin.com/in/fernando-nicolas-zelarayan,Mercedes Farías,https://www.linkedin.com/in/mechifarias,2023-01-23 17:49:00 UTC,,"Hola, Mercedes",INBOX
2-MjM4NWEzMTUtODNmMC00OTg3LWEwYTEtMWYxNjcxM2I0MzA5XzAxMw==,,Mercedes Farías,https://www.linkedin.com/in/mechifarias,Fernando Nicolas Zelarayan,https://www.linkedin.com/in/fernando-nicolas-zelarayan,2023-01-23 12:47:20 UTC,,"Hola ¿Cómo estas? Mi nombre es Mercedes, me comunico desde la Consultora JuMp. Recibí tu solicitud para el puesto de Administrador de Servidores en Linux.  Te quería preguntar por tu zona de residencia..  Y por otro lado saber si tenes experiencia en administración de base de datos en servicios de hosting. Conoces entornos de virtualizacion en Linux? Base de datos Mysql?  Gracias ",INBOX
2-ZjRjMTdlNGItNGIyMC00ZmZlLWIyMTQtZDRiZDJmMWZjYzJlXzAxMw==,,Cecilia Finale,https://www.linkedin.com/in/cecilia-finale-,Fernando Nicolas Zelarayan,https://www.linkedin.com/in/fernando-nicolas-zelarayan,2023-01-23 11:38:09 UTC,,"Fernando, gracias por contactarme. Te dejo los requisitos, para que si es de tu intereses me indiques tu nivel de experiencia: - Windows Server  - Powershell  - Python and bat scripting  - Linux  - Mac  - Hardware  - corporate best practices  - Azure - Active Directory - Networking Quedo atenta",INBOX
2-ZjRjMTdlNGItNGIyMC00ZmZlLWIyMTQtZDRiZDJmMWZjYzJlXzAxMw==,,Fernando Nicolas Zelarayan,https://www.linkedin.com/in/fernando-nicolas-zelarayan,Cecilia Finale,https://www.linkedin.com/in/cecilia-finale-,2023-01-21 04:04:22 UTC,,"hola Cecilia como estas? vi que tienes una búsqueda abierta para Soporte IT, me gustaría si pudieras enviarme mas información sobre el puesto, creo con mi conocimiento y experiencia podría encajar con tu búsqueda. desde ya muchas gracias",INBOX
2-YjJjNTNjNWItZGNlNy00YjVlLTkzNTUtMzU2ZTZkNzY0ZTc1XzAxMw==,,Fernando Nicolas Zelarayan,https://www.linkedin.com/in/fernando-nicolas-zelarayan,Florencia Schiliro,https://www.linkedin.com/in/florenciaschiliro,2023-01-09 18:49:46 UTC,Me interesa el puesto de DevOps Jr.,"Hola, Florencia:  ¿Qué tal todo? Me interesa la vacante que has publicado para el puesto de DevOps Jr. Tengo conocimientos sobre esta metodología, así que creo que podría encajar muy bien.   ¿Te parece si te envio mi CV? Me gustaría informarme al respecto y comentarte cuáles son mis aptitudes. Quedo a la espera de tu respuesta.  Saludos cordiales,  Fernando Nicolas Zelarayan",INBOX
2-ZGY0OTFiMDItMTRlZi00MWI4LTk3MjQtNzRmNjBiYTU2MWYwXzAxMw==,,Sebastian Esperanza,https://www.linkedin.com/in/sebastian-esperanza-a252641b6,Fernando Nicolas Zelarayan,https://www.linkedin.com/in/fernando-nicolas-zelarayan,2022-12-06 15:27:47 UTC,,"SE BUSCA PROGRAMADOR 💻 con conocimientos de Ruby on Rails 5 de al menos 2 años.  Además, debe poseer experiencia en manejo de las siguientes tecnologías:     ✅️ Redis  ✅️  Base de datos postgres  ✅️  JavaScript  ✅️  Css  ✅️  HTML     El software a administrar se encuentra en Heroku y tiene una API Rest y Documentación.  👉🏼 Posición: PARTIME (4hs) para conocer y aprender el software, solucionar urgencias y realizar el update de tecnologías.  👉🏼 Modalidad: PRESENCIAL O REMOTO (La empresa se encuentra en Rio Cuarto – Cba)  Enviar CV:  📧 sesperanza@saludygestion.com.ar  saludygestionsrl@gmail.com  📲 3586023996  .  .  #rubyonrails5 #redis #rubyonrails5developer #basededatospostgres #postgres #basededatos #javascript #css #html",INBOX
2-ZWEzOTNiNDctNTQ5ZC00MzMxLTgyNGMtZjI4M2Y5ZDQ0NDI5XzAxMg==,,Fernando Nicolas Zelarayan,https://www.linkedin.com/in/fernando-nicolas-zelarayan,Jessica Rengifo,https://www.linkedin.com/in/jessica-cristina-rengifo,2022-12-03 18:17:50 UTC,,"Hola Jessica gracias, estaré viendo la comunidad",INBOX
2-ZWEzOTNiNDctNTQ5ZC00MzMxLTgyNGMtZjI4M2Y5ZDQ0NDI5XzAxMg==,,Jessica Rengifo,https://www.linkedin.com/in/jessica-cristina-rengifo,Fernando Nicolas Zelarayan,https://www.linkedin.com/in/fernando-nicolas-zelarayan,2022-12-03 18:10:36 UTC,,"Hola Fernando Nicolas! en Social Core estamos creando la mejor comunidad para que los programadores en LATAM mejoren su inglés y consigan mejores oportunidades. Únete a nuestro newsletter una vez a la semana: consejos y estrategias para practicar inglés, oportunidades laborales, memes y más https://socialcore.carrd.co/",INBOX
2-MmU4NDA5MjYtYjVhYy00ZjIwLTk4NzktZTFhMTk2MWQyYjU0XzAxMg==,,Fernando Nicolas Zelarayan,https://www.linkedin.com/in/fernando-nicolas-zelarayan,Pablo Barrios,https://www.linkedin.com/in/pablo-barrios-858530239,2022-11-15 10:28:18 UTC,,"Gracias, Pablo",INBOX
2-MmU4NDA5MjYtYjVhYy00ZjIwLTk4NzktZTFhMTk2MWQyYjU0XzAxMg==,,Pablo Barrios,https://www.linkedin.com/in/pablo-barrios-858530239,Fernando Nicolas Zelarayan,https://www.linkedin.com/in/fernando-nicolas-zelarayan,2022-11-15 10:22:12 UTC,,¡Felicidades por tu aniversario de trabajo!,INBOX
2-M2M0MjNhNTgtMjFlNC00YmJmLWFjODAtMDc1NGYwNmZmODVjXzAxMg==,,Fernando Nicolas Zelarayan,https://www.linkedin.com/in/fernando-nicolas-zelarayan,LinkedIn Member,,2022-11-15 10:13:24 UTC,,Gracias,INBOX
2-M2M0MjNhNTgtMjFlNC00YmJmLWFjODAtMDc1NGYwNmZmODVjXzAxMg==,,LinkedIn Member,,Fernando Nicolas Zelarayan,https://www.linkedin.com/in/fernando-nicolas-zelarayan,2022-11-15 09:44:02 UTC,,¡Felicidades por tu aniversario de trabajo!,INBOX
2-M2M0MjNhNTgtMjFlNC00YmJmLWFjODAtMDc1NGYwNmZmODVjXzAxMg==,,LinkedIn Member,,Fernando Nicolas Zelarayan,https://www.linkedin.com/in/fernando-nicolas-zelarayan,2022-10-24 09:50:19 UTC,,"Un abrazo, Fernando Nicolas ",INBOX
2-M2M0MjNhNTgtMjFlNC00YmJmLWFjODAtMDc1NGYwNmZmODVjXzAxMg==,,Fernando Nicolas Zelarayan,https://www.linkedin.com/in/fernando-nicolas-zelarayan,LinkedIn Member,,2022-10-24 09:35:05 UTC,,"Muchas gracias, José Luis, un abrazo",INBOX
2-M2M0MjNhNTgtMjFlNC00YmJmLWFjODAtMDc1NGYwNmZmODVjXzAxMg==,,LinkedIn Member,,Fernando Nicolas Zelarayan,https://www.linkedin.com/in/fernando-nicolas-zelarayan,2022-10-24 06:54:09 UTC,,¡Feliz cumpleaños!,INBOX
2-M2M0MjNhNTgtMjFlNC00YmJmLWFjODAtMDc1NGYwNmZmODVjXzAxMg==,,LinkedIn Member,,Fernando Nicolas Zelarayan,https://www.linkedin.com/in/fernando-nicolas-zelarayan,2022-10-03 10:20:10 UTC,,"Buenos días, Fernando, No hay problema, si en un futuro te interesa me haces saber. Muchas gracias por responder Saludos!",INBOX
2-M2M0MjNhNTgtMjFlNC00YmJmLWFjODAtMDc1NGYwNmZmODVjXzAxMg==,,Fernando Nicolas Zelarayan,https://www.linkedin.com/in/fernando-nicolas-zelarayan,LinkedIn Member,,2022-10-03 10:15:43 UTC,,"De momento no me interesa la oferta, pero te agradezco la propuesta",INBOX
2-M2M0MjNhNTgtMjFlNC00YmJmLWFjODAtMDc1NGYwNmZmODVjXzAxMg==,,Fernando Nicolas Zelarayan,https://www.linkedin.com/in/fernando-nicolas-zelarayan,LinkedIn Member,,2022-10-03 10:15:27 UTC,,"Hola, José Luis",INBOX
2-M2M0MjNhNTgtMjFlNC00YmJmLWFjODAtMDc1NGYwNmZmODVjXzAxMg==,,LinkedIn Member,,Fernando Nicolas Zelarayan,https://www.linkedin.com/in/fernando-nicolas-zelarayan,2022-10-02 17:29:32 UTC,,"""Hola! ¿Como estás? Muchas gracias por aceptarme.  Buscamos nuevos emprendedores para Multinacional de software de criptomonedas para desarrollarte desde casa a tiempo parcial o tiempo completo compatible con cualquier actividad que estés desarrollando y generar unos ingresos extras.  Si estás interesad@ me lo dices y programamos una sesion informativa  Espero tu respuesta, aunque esta sea que no. Muchas gracias! Saludos!""",INBOX
2-YmE3NWYwYTctZTI4MC00NThmLWIzZTQtOGFiMzVlZTNkYjk5XzAxMg==,,Norberto Castro,https://www.linkedin.com/in/norbersh,Fernando Nicolas Zelarayan,https://www.linkedin.com/in/fernando-nicolas-zelarayan,2022-09-06 20:06:12 UTC,,"Buenas tardes Fernando,  Me comunico con usted para hacerle llegar una oportunidad de empleo a través de KEKUII.  Nos gustaría contar con su participación en ésta oportunidad de trabajo 100% online.  Entiendo que su tiempo es valioso, la colaboración que usted prestaría será remunerada aproximadamente con 300$ - 500$ (los primeros 3 meses) además de otros beneficios. El cliente se encuentra en la busqueda de un profesional que tenga conocimiento en: JavaScript, jQuery, HTML, PHP, XML, GIT, CSS, LESS/SASS y Programación orientada a objetos.  En caso de disponer de tiempo en este momento y de estar interesado en la propuesta, agradecería que me lo hiciera saber para agendar una reunión.  Un Cordial Saludo.",INBOX
2-ZjM2MzFiMDAtZjU5Mi00OGZkLTlmMTMtN2Q2NDgwMTc0NjU0XzAxMA==,GOC :: Hiring for a Tech Process Senior Associate - Webtech,Sai Vamshi Jangiti,https://www.linkedin.com/in/jangitisaivamshi,Fernando Nicolas Zelarayan,https://www.linkedin.com/in/fernando-nicolas-zelarayan,2022-08-26 07:02:33 UTC,GOC :: Hiring for a Tech Process Senior Associate - Webtech,"Dear Candidate, Hope you are doing well. We are urgently hiring for  Tech Process Senior Associate - Webtech for our internal team. PFB the details: Company Name: Google Operations Center(https://googleoperationscenter.com/) Job Type: Permanent Job Title: Tech Process Senior Associate - Webtech Location: GOC Hyderabad / Bangalore  PFA JD for your reference and revert with an updated copy of your resume if interested.  Sai Vamshi Jangiti Staffing Specialist @ GOC",INBOX
2-MjAzNmVjZWItOTk4ZC00NzcxLWJkNTgtNTI1Yjk0NGIwZGMwXzAxMA==,,Fernando Nicolas Zelarayan,https://www.linkedin.com/in/fernando-nicolas-zelarayan,Gabriela Tinto,https://www.linkedin.com/in/gabriela-tinto-5285b2199,2022-08-17 18:25:07 UTC,,"Entiendo, gracias igual Gabriela. Si conoces a alguien que esté en actividad como perito de parte y quieras recomendarme te lo agradecería muchísimo. Gracias de antemano que tengas buenas tardes",INBOX
2-MjAzNmVjZWItOTk4ZC00NzcxLWJkNTgtNTI1Yjk0NGIwZGMwXzAxMA==,,Gabriela Tinto,https://www.linkedin.com/in/gabriela-tinto-5285b2199,Fernando Nicolas Zelarayan,https://www.linkedin.com/in/fernando-nicolas-zelarayan,2022-08-17 18:14:24 UTC,,En un par de años q me retire es muy probable que si,INBOX
2-MjAzNmVjZWItOTk4ZC00NzcxLWJkNTgtNTI1Yjk0NGIwZGMwXzAxMA==,,Gabriela Tinto,https://www.linkedin.com/in/gabriela-tinto-5285b2199,Fernando Nicolas Zelarayan,https://www.linkedin.com/in/fernando-nicolas-zelarayan,2022-08-17 18:13:40 UTC,,"Estoy en actividad, soy perito oficial de Asesoría Pericial, por lo cual no trabajo como perito de parte. ",INBOX
2-MjAzNmVjZWItOTk4ZC00NzcxLWJkNTgtNTI1Yjk0NGIwZGMwXzAxMA==,,Gabriela Tinto,https://www.linkedin.com/in/gabriela-tinto-5285b2199,Fernando Nicolas Zelarayan,https://www.linkedin.com/in/fernando-nicolas-zelarayan,2022-08-17 18:12:27 UTC,,Hola,INBOX
2-MjAzNmVjZWItOTk4ZC00NzcxLWJkNTgtNTI1Yjk0NGIwZGMwXzAxMA==,,Fernando Nicolas Zelarayan,https://www.linkedin.com/in/fernando-nicolas-zelarayan,Gabriela Tinto,https://www.linkedin.com/in/gabriela-tinto-5285b2199,2022-08-17 14:53:37 UTC,,"Hola Gabriela como esta? Yo actualmente estoy trabajndo en in estudio juridico y quería consultarle si esta trabajando como perito de parte es para una causa sobre abuso sexual, necesitamos un informe de un perito sobre un informe ginecologico realizado por el médico forense del poder judicial. Si le interesa me puede brindar su telefono asi podemos charlar los detalles del caso y de su trabajo",INBOX
2-MjI2ZmM0NDAtZDA3YS00ZjU1LWIwMmEtYTM1YjcxMWY5NWU3XzAxMg==,,Fernando Nicolas Zelarayan,https://www.linkedin.com/in/fernando-nicolas-zelarayan,Fernando Oscar Martínez Corti,https://www.linkedin.com/in/fernandooscarmartinezcorti,2022-08-16 16:03:47 UTC,,Gracias Fernando ahí te llamo,INBOX
2-MjI2ZmM0NDAtZDA3YS00ZjU1LWIwMmEtYTM1YjcxMWY5NWU3XzAxMg==,,Fernando Oscar Martínez Corti,https://www.linkedin.com/in/fernandooscarmartinezcorti,Fernando Nicolas Zelarayan,https://www.linkedin.com/in/fernando-nicolas-zelarayan,2022-08-16 16:01:35 UTC,,"Buenos días Fernando, si, no hay problema, te dejo mis contactos, llamame cuando puedas o si preferís decime un horario y te llamo :  2215950563 fernandomartinezcorti@gmail.com Saludos cordiales ",INBOX
2-MjI2ZmM0NDAtZDA3YS00ZjU1LWIwMmEtYTM1YjcxMWY5NWU3XzAxMg==,,Fernando Nicolas Zelarayan,https://www.linkedin.com/in/fernando-nicolas-zelarayan,Fernando Oscar Martínez Corti,https://www.linkedin.com/in/fernandooscarmartinezcorti,2022-08-16 15:50:28 UTC,Consulta ,"Buenas tardes Dr. Vengo por este medio para realizarle un consulta para la contratación de su servicio como medico legal perito de parte, actualmente me encuentro trabajando en un estudio jurídico y precisamos un análisis sobre un informe de un médico forense en una causa de abuso de sexual. Si le interesa trabajar con nosotros en este caso le dejo mi teléfono por cualquier  consulta 3816652925 o si prefiere brindarme algún teléfono así nos ponemos en contacto, desde ya muchas gracias ",INBOX
2-NDYwZmI4ZTgtNmM2My00ODNhLWFlOTUtMzMzMzdkZDY2MWFlXzAxMg==,,Alejandro Scotti,https://www.linkedin.com/in/alejandroscotti,Fernando Nicolas Zelarayan,https://www.linkedin.com/in/fernando-nicolas-zelarayan,2022-08-04 03:45:12 UTC,,"Hola Fernando! espero que estés muy bien.    Finalmente, Mambo.js y Dom.js han sido lanzados 100% públicos. Sitio web, Repos en GitHub, canal en Discord y YouTube.    https://www.mambojs.dev/    Este es mi último mensaje, te agradezco mucho tu interés inicial y te deseo lo mejor con todos tus proyectos.    Alejandro Scotti",INBOX
2-NDYwZmI4ZTgtNmM2My00ODNhLWFlOTUtMzMzMzdkZDY2MWFlXzAxMg==,,Alejandro Scotti,https://www.linkedin.com/in/alejandroscotti,Fernando Nicolas Zelarayan,https://www.linkedin.com/in/fernando-nicolas-zelarayan,2022-02-25 22:41:12 UTC,,"¡Hola de nuevo! en el momento en que respondí por primera vez a tu solicitud para mi oportunidad de pasantía, no tenía ningún material de presentación de bienvenida adecuado y es posible que te hayas sentido confundido/a y/o desanimado/a. En las últimas 2 semanas, publiqué un video de introducción al proyecto + 2 videos de capacitación + 1 reunion de Zoom del 17 de Febrero donde me presenté a mí mismo, a mi empresa y al proyecto.  Quiero invitarte, nuevamente, a unirte a mi nueva comunidad Open Source antes de que finalice esta etapa del proceso de reclutamiento, para enfocarse en las etapas de desarrollo. Estimo que hay más de 100 desarrolladores junior que han confirmado activamente su deseo de aprender, contribuir y agregar esta valiosa experiencia a sus carreras de desarrollador web frontend.  Aquí está mi lista de reproducción de YouTube con los videos del proyecto para que los veas y determines tu nivel de interés. https://youtube.com/playlist?list=PLWaRZbFTeoF901RgpsQsxLWXfyzHNZs5w  Lea atentamente mi anuncio de trabajo una vez más (enlace al final). Tu primer paso es suscribirte a mi canal privado temporal en Telegram Messenger (enlace al final) que estoy usando para organizar a tanta gente y donde nos estamos preparando para definir los grupos de trabajo.  Te invito a enviarme una solicitud de conexión a través de LinkedIn también.  Trabajo en LinkedIn: https://www.linkedin.com/jobs/view/2902041778/  Instala y activa Telegram en tu teléfono móvil (actualiza a la última versión), luego suscríbase a mi canal privado. Canal de Telegram: https://t.me/+rTzv2Q55bTRjOGVh  ¡Nos vemos en Telegram! Saludos.  Alejandro Scotti",INBOX
2-NDYwZmI4ZTgtNmM2My00ODNhLWFlOTUtMzMzMzdkZDY2MWFlXzAxMg==,,Alejandro Scotti,https://www.linkedin.com/in/alejandroscotti,Fernando Nicolas Zelarayan,https://www.linkedin.com/in/fernando-nicolas-zelarayan,2022-02-05 00:56:50 UTC,,"Hola! muchas gracias por tu interes en mi oportunidad para una pasantia como Junior Frontend Web Developer. Estoy extremadamente sorprendido por las mas de 1000 personas que mandaron su solicitud y mensajes de interes en tan solo 3 dias. He decidido que voy a preparar un formato de capacitacion que me permita ayudar, preparar y trabajar con esta gran cantidad de personas y aun mas en el futuro.  Si todavia estas interesado/a, por favor vuelve a leer muy atentamente mi anuncio (link al final). Si sigues interesado/a, tu 1er paso obligatorio es subscribirte a mi Canal privado en Telegram Messenger (link al final) que voy a usar para lograr supervisar semejante cantidad de personas y donde se anunciaran las reuniones de capacitacion y materiales que cada persona debera estudiar semana a semana.  Por favor, no responder a este mensaje en LinkedIn por que estoy saturado de mensajes :-)  Te invito a que me envies una solicitud de conexion atravez de LinkedIn.  Aviso en LinkedIn: https://www.linkedin.com/jobs/view/2902041778/  Instalar y activar Telegram en tu telefono mobil, luego subscribirte a mi Canal privado. Canal en Telegram: https://t.me/+rTzv2Q55bTRjOGVh  Te espero en Telegram! Saludos. Alejandro Scotti",INBOX
2-OWMwZDZhZGEtNWVkMy00ZTVmLWE0NDctODAyYjRkMDhhZWQ3XzAxMw==,,Mauro Currao,https://www.linkedin.com/in/mauro-currao-766295b7,Fernando Nicolas Zelarayan,https://www.linkedin.com/in/fernando-nicolas-zelarayan,2022-07-16 18:37:00 UTC,,"¡Hola Fernando! ¿Cómo estás? Mi nombre es Mauro!  Te escribo porque estoy armando un equipo de trabajo enfocado en el Network Marketing creando canales de consumo y facturación online, Conoces?  Si te interesa conocer un poco más te cuento!  ¡Que tengas un estupendo día!",INBOX
2-NjM3ZjliMDctYjgwNy00YTMwLTk1NjEtNzk2MWExMzM1OGQ0XzAxMw==,,Andrés Maldonado,https://www.linkedin.com/in/andreshabla,Fernando Nicolas Zelarayan,https://www.linkedin.com/in/fernando-nicolas-zelarayan,2022-06-17 01:44:11 UTC,,Gracias,INBOX
2-NjM3ZjliMDctYjgwNy00YTMwLTk1NjEtNzk2MWExMzM1OGQ0XzAxMw==,,Fernando Nicolas Zelarayan,https://www.linkedin.com/in/fernando-nicolas-zelarayan,Andrés Maldonado,https://www.linkedin.com/in/andreshabla,2022-06-17 00:09:51 UTC,,,INBOX
2-NjM3ZjliMDctYjgwNy00YTMwLTk1NjEtNzk2MWExMzM1OGQ0XzAxMw==,,Fernando Nicolas Zelarayan,https://www.linkedin.com/in/fernando-nicolas-zelarayan,Andrés Maldonado,https://www.linkedin.com/in/andreshabla,2022-06-17 00:09:40 UTC,,¡Felicidades por tu nuevo puesto!,INBOX
2-MjBiMDMyYmMtMjJhYS00YmU2LWIxZGYtNTk1NjEwNmEyMjQxXzAxMw==,,Alfredo Ayllón Pérez,https://www.linkedin.com/in/alfredo-ayllón-pérez-115a00182,Fernando Nicolas Zelarayan,https://www.linkedin.com/in/fernando-nicolas-zelarayan,2022-05-10 15:35:16 UTC,,perfect,INBOX
2-MjBiMDMyYmMtMjJhYS00YmU2LWIxZGYtNTk1NjEwNmEyMjQxXzAxMw==,,Fernando Nicolas Zelarayan,https://www.linkedin.com/in/fernando-nicolas-zelarayan,Alfredo Ayllón Pérez,https://www.linkedin.com/in/alfredo-ayllón-pérez-115a00182,2022-05-10 14:47:09 UTC,,Gracias ,INBOX
2-MjBiMDMyYmMtMjJhYS00YmU2LWIxZGYtNTk1NjEwNmEyMjQxXzAxMw==,,Fernando Nicolas Zelarayan,https://www.linkedin.com/in/fernando-nicolas-zelarayan,Alfredo Ayllón Pérez,https://www.linkedin.com/in/alfredo-ayllón-pérez-115a00182,2022-05-10 14:47:04 UTC,,Ya le envió mi cv a su correo. ,INBOX
2-MjBiMDMyYmMtMjJhYS00YmU2LWIxZGYtNTk1NjEwNmEyMjQxXzAxMw==,,Fernando Nicolas Zelarayan,https://www.linkedin.com/in/fernando-nicolas-zelarayan,Alfredo Ayllón Pérez,https://www.linkedin.com/in/alfredo-ayllón-pérez-115a00182,2022-05-10 14:46:52 UTC,,"Buenas tardes, Alfredo",INBOX
2-MjBiMDMyYmMtMjJhYS00YmU2LWIxZGYtNTk1NjEwNmEyMjQxXzAxMw==,,Alfredo Ayllón Pérez,https://www.linkedin.com/in/alfredo-ayllón-pérez-115a00182,Fernando Nicolas Zelarayan,https://www.linkedin.com/in/fernando-nicolas-zelarayan,2022-05-10 14:46:19 UTC,,"Buenos días Fernando, Estamos buscando perfiles técnicos con experiencia en mercados financieros para incorporar nuestros equipos de proyectos y soporte técnico .  Si estuvieras interesado me puedes enviar el CV a este correo alfredo.ayllon@optimissa.com y contarte mas detalles, gracias",INBOX
2-MWRiZjMyMTAtMmZhOC00MGIxLWI5NTEtNmQ0MDAzMWY3NGE0XzAxMg==,,German Adolfo  Garcia Ramos,https://www.linkedin.com/in/german-adolfo-garcia-ramos-abb1ba230,Fernando Nicolas Zelarayan,https://www.linkedin.com/in/fernando-nicolas-zelarayan,2022-05-04 18:24:09 UTC,,"Hola Fernando Nicolás, desarrollo un proyecto bastante sencillo basado en tiendas digitales, es un vehículo económico que no requiere capital de inversión en riesgo y lo puede llevar de la mano con lo que hace actualmente, si dispone de 30 minutos podemos conversar para darle los detalles, según mi agenda podemos el día de mañana a las 2:00 PM, o el día viernes a las 10:00 AM, hora de Argentina, estoy en Guatemala.",INBOX
2-MzlkMmVjMDYtNTNkYi00NWFlLTk2NmMtNmQ0ZDIzNjQ4MzExXzAxMw==,,Exequiel Cuello,https://www.linkedin.com/in/exequiel-cuello,Fernando Nicolas Zelarayan,https://www.linkedin.com/in/fernando-nicolas-zelarayan,2022-04-20 17:51:35 UTC,,"Espero te encuentres bien. Te cuento. Lo que hacemos en Talently es capacitar a developers que tengan más de 2 años de experiencia mediante un programa de entrenamiento intensivo para que puedan conseguir un nuevo trabajo remoto en las mejores empresas tech de USA y Latam y duplicar su salario actual en USD.Deberás pagar una matrícula inicial y cuando consigas tu nuevo empleo deberás pagar (por una única vez) el 50% de tu primer nuevo salario. En caso de no conseguir tu nuevo trabajo te devolvemos el 100% del valor de tu matrícula. El programa de Talently está 100% orientado al resultado y ya hemos ayudado a miles de developers de todo LatAm a posicionarse en las mejores empresas de la región y de Estados Unidos. Para ingresar al programa deberás tener una entrevista de admisión donde te diremos si eres apto o no para ingresar, ya que solo admitimos developers que estén buscando un cambio laboral/aumentar su salario actual en USD.",INBOX
2-MzlkMmVjMDYtNTNkYi00NWFlLTk2NmMtNmQ0ZDIzNjQ4MzExXzAxMw==,,Exequiel Cuello,https://www.linkedin.com/in/exequiel-cuello,Fernando Nicolas Zelarayan,https://www.linkedin.com/in/fernando-nicolas-zelarayan,2022-04-20 17:51:34 UTC,,Fernando buenas tardes,INBOX
2-MzlkMmVjMDYtNTNkYi00NWFlLTk2NmMtNmQ0ZDIzNjQ4MzExXzAxMw==,,Fernando Nicolas Zelarayan,https://www.linkedin.com/in/fernando-nicolas-zelarayan,Exequiel Cuello,https://www.linkedin.com/in/exequiel-cuello,2022-04-20 16:13:58 UTC,,Hola Exequiel si me interesa saber un poco mas sobre el programa,INBOX
2-MzlkMmVjMDYtNTNkYi00NWFlLTk2NmMtNmQ0ZDIzNjQ4MzExXzAxMw==,,Fernando Nicolas Zelarayan,https://www.linkedin.com/in/fernando-nicolas-zelarayan,Exequiel Cuello,https://www.linkedin.com/in/exequiel-cuello,2022-04-20 16:13:32 UTC,,Muchas gracias,INBOX
2-MzlkMmVjMDYtNTNkYi00NWFlLTk2NmMtNmQ0ZDIzNjQ4MzExXzAxMw==,,Exequiel Cuello,https://www.linkedin.com/in/exequiel-cuello,Fernando Nicolas Zelarayan,https://www.linkedin.com/in/fernando-nicolas-zelarayan,2022-04-20 16:13:00 UTC,,"Hola Fernando Nicolas! Me gustó mucho tu perfil para que te unas al programa de Talently. Capacitamos a developers con + de 2 años de experiencia y los conectamos con empresas globales para que dupliquen su salario en USD. Si te interesa que te cuente un poco más, aceptame y hablamos! Saludos!",INBOX
2-MDRjOGFlNGYtZmYzZS00NDBiLTkxZGYtMjA4YjhmZmQyNjQ5XzAxMw==,,Maria Lucia Battig,https://www.linkedin.com/in/maria-lucia-battig-061274108,Fernando Nicolas Zelarayan,https://www.linkedin.com/in/fernando-nicolas-zelarayan,2022-04-12 18:43:33 UTC,,👍,INBOX
2-MDRjOGFlNGYtZmYzZS00NDBiLTkxZGYtMjA4YjhmZmQyNjQ5XzAxMw==,,Fernando Nicolas Zelarayan,https://www.linkedin.com/in/fernando-nicolas-zelarayan,Maria Lucia Battig,https://www.linkedin.com/in/maria-lucia-battig-061274108,2022-04-12 18:12:18 UTC,,,INBOX
2-MDRjOGFlNGYtZmYzZS00NDBiLTkxZGYtMjA4YjhmZmQyNjQ5XzAxMw==,,Maria Lucia Battig,https://www.linkedin.com/in/maria-lucia-battig-061274108,Fernando Nicolas Zelarayan,https://www.linkedin.com/in/fernando-nicolas-zelarayan,2022-04-12 15:02:59 UTC,,Gracias a vos ,INBOX
2-MDRjOGFlNGYtZmYzZS00NDBiLTkxZGYtMjA4YjhmZmQyNjQ5XzAxMw==,,Fernando Nicolas Zelarayan,https://www.linkedin.com/in/fernando-nicolas-zelarayan,Maria Lucia Battig,https://www.linkedin.com/in/maria-lucia-battig-061274108,2022-04-12 14:48:41 UTC,,Gracias por el interes,INBOX
2-MDRjOGFlNGYtZmYzZS00NDBiLTkxZGYtMjA4YjhmZmQyNjQ5XzAxMw==,,Fernando Nicolas Zelarayan,https://www.linkedin.com/in/fernando-nicolas-zelarayan,Maria Lucia Battig,https://www.linkedin.com/in/maria-lucia-battig-061274108,2022-04-12 14:48:35 UTC,,"te estaré pasando mi cv en breve,  ya que  no lo tengo subido en la nube ",INBOX
2-MDRjOGFlNGYtZmYzZS00NDBiLTkxZGYtMjA4YjhmZmQyNjQ5XzAxMw==,,Fernando Nicolas Zelarayan,https://www.linkedin.com/in/fernando-nicolas-zelarayan,Maria Lucia Battig,https://www.linkedin.com/in/maria-lucia-battig-061274108,2022-04-12 14:47:48 UTC,,"Hola, Maria Lucia, buenas tardes",INBOX
2-MDRjOGFlNGYtZmYzZS00NDBiLTkxZGYtMjA4YjhmZmQyNjQ5XzAxMw==,,Maria Lucia Battig,https://www.linkedin.com/in/maria-lucia-battig-061274108,Fernando Nicolas Zelarayan,https://www.linkedin.com/in/fernando-nicolas-zelarayan,2022-04-12 14:43:40 UTC,,"Hola Fernando, me interesa tu perfil podrías mandarme tu CV por favor. Gracias ",INBOX
2-YjlkMjg1NzAtZDcxZC00OGUzLTlmYWYtZGI0NTFhZDQ5ZDBkXzAxMg==,,Fernando Nicolas Zelarayan,https://www.linkedin.com/in/fernando-nicolas-zelarayan,Erianny Meléndez,https://www.linkedin.com/in/erianny-meléndez-0104b5124,2022-03-14 19:41:05 UTC,,Si me interesaría saber más de la propuesta,INBOX
2-YjlkMjg1NzAtZDcxZC00OGUzLTlmYWYtZGI0NTFhZDQ5ZDBkXzAxMg==,,Fernando Nicolas Zelarayan,https://www.linkedin.com/in/fernando-nicolas-zelarayan,Erianny Meléndez,https://www.linkedin.com/in/erianny-meléndez-0104b5124,2022-03-14 19:40:50 UTC,,"Hola, Erianny",INBOX
2-YjlkMjg1NzAtZDcxZC00OGUzLTlmYWYtZGI0NTFhZDQ5ZDBkXzAxMg==,,Erianny Meléndez,https://www.linkedin.com/in/erianny-meléndez-0104b5124,Fernando Nicolas Zelarayan,https://www.linkedin.com/in/fernando-nicolas-zelarayan,2022-03-14 19:40:29 UTC,,"Quiero compartir contigo una excelente oportunidad laboral en Estados Unidos, que aplica, si tienes planes de viaje o estás pensando en emigrar. Por favor me deja saber si le gustaría conocer detalles.",INBOX
2-ZjczZDY0YTAtMzEwOS00ZWE2LWExNzgtOTAyOWRiZjM4YzIxXzAxMw==,,Abigail Sanchez,https://www.linkedin.com/in/abigail-sanchez-1125351aa,Fernando Nicolas Zelarayan,https://www.linkedin.com/in/fernando-nicolas-zelarayan,2022-03-08 11:16:50 UTC,," Buenos días !! Trabajo con grupo Zurich.  Me dedico a asesorar individuos en temas de planificación financiera.  Seria interesante coordinar una reunión por zoom/videollamada para mostrarte alternativas de ahorro, inversión y protección.  Tenes 15-20' min para coordinar la reunion?",INBOX
2-ZGI5NGZhZTctMTIxYi00YjEwLTkwM2EtMTA2ZjhiNjdkMzI3XzAxMw==,,Pepe Martinez Cevasco,https://www.linkedin.com/in/pepemartinezcevasco,Fernando Nicolas Zelarayan,https://www.linkedin.com/in/fernando-nicolas-zelarayan,2022-02-14 18:21:09 UTC,,"Hola Fernando! Gracias por tu interés, podes enviar tu CV o perfil a equipo@bukeala.com y te contamos mas sobre los puestos. Lo esperamos! Saludos!",INBOX
2-NDg4ZWYwZTgtMTU0OS00NDIzLWI5OTktMGE2MWFhNzU2YjBhXzAxMw==,Busqueda Naranja X,Fernando Nicolas Zelarayan,https://www.linkedin.com/in/fernando-nicolas-zelarayan,David Nuñez,https://www.linkedin.com/in/david-nuñez-96a7ab1ab,2022-02-02 14:50:54 UTC,Busqueda Naranja X,Gracias David estamos en contacto,INBOX
2-NDg4ZWYwZTgtMTU0OS00NDIzLWI5OTktMGE2MWFhNzU2YjBhXzAxMw==,Busqueda Naranja X,David Nuñez,https://www.linkedin.com/in/david-nuñez-96a7ab1ab,Fernando Nicolas Zelarayan,https://www.linkedin.com/in/fernando-nicolas-zelarayan,2022-02-02 14:45:38 UTC,Busqueda Naranja X,"Fer, segun lo que conversamos, averigua sobre Programacion orientada a objeto, principio solid, patrones de diseño, unit test, API y todo lo referido a AWS En unos meses hablamos. Abrazo !!",INBOX
2-NDg4ZWYwZTgtMTU0OS00NDIzLWI5OTktMGE2MWFhNzU2YjBhXzAxMw==,Busqueda Naranja X,David Nuñez,https://www.linkedin.com/in/david-nuñez-96a7ab1ab,Fernando Nicolas Zelarayan,https://www.linkedin.com/in/fernando-nicolas-zelarayan,2022-02-02 13:37:42 UTC,Busqueda Naranja X,"Genial, te genere para las 11:30 hs !! Abrazo y ms gs !!",INBOX
2-NDg4ZWYwZTgtMTU0OS00NDIzLWI5OTktMGE2MWFhNzU2YjBhXzAxMw==,Busqueda Naranja X,Fernando Nicolas Zelarayan,https://www.linkedin.com/in/fernando-nicolas-zelarayan,David Nuñez,https://www.linkedin.com/in/david-nuñez-96a7ab1ab,2022-02-02 13:32:17 UTC,Busqueda Naranja X,Nicolaszelarayan.ez@gmail.com,INBOX
2-NDg4ZWYwZTgtMTU0OS00NDIzLWI5OTktMGE2MWFhNzU2YjBhXzAxMw==,Busqueda Naranja X,David Nuñez,https://www.linkedin.com/in/david-nuñez-96a7ab1ab,Fernando Nicolas Zelarayan,https://www.linkedin.com/in/fernando-nicolas-zelarayan,2022-02-02 13:31:19 UTC,Busqueda Naranja X,Pasame si podes un mail porfa (aca no lo veo ): ) y te mando invite si podes !! Abrazo y de nuevo muchas gracias !!,INBOX
2-NDg4ZWYwZTgtMTU0OS00NDIzLWI5OTktMGE2MWFhNzU2YjBhXzAxMw==,Busqueda Naranja X,Fernando Nicolas Zelarayan,https://www.linkedin.com/in/fernando-nicolas-zelarayan,David Nuñez,https://www.linkedin.com/in/david-nuñez-96a7ab1ab,2022-02-02 13:27:50 UTC,Busqueda Naranja X,Si no hay ningún problema ,INBOX
2-NDg4ZWYwZTgtMTU0OS00NDIzLWI5OTktMGE2MWFhNzU2YjBhXzAxMw==,Busqueda Naranja X,David Nuñez,https://www.linkedin.com/in/david-nuñez-96a7ab1ab,Fernando Nicolas Zelarayan,https://www.linkedin.com/in/fernando-nicolas-zelarayan,2022-02-02 13:24:12 UTC,Busqueda Naranja X,"Fer como va. Antes que nada muchas gracias por tu respuesta. Tendras 20 minutos en algun momento del dia para hacer una meet, nos conocemos y charlamos. Abrazo y ms gs !! ",INBOX
2-NDg4ZWYwZTgtMTU0OS00NDIzLWI5OTktMGE2MWFhNzU2YjBhXzAxMw==,Busqueda Naranja X,Fernando Nicolas Zelarayan,https://www.linkedin.com/in/fernando-nicolas-zelarayan,David Nuñez,https://www.linkedin.com/in/david-nuñez-96a7ab1ab,2022-02-02 13:16:58 UTC,Busqueda Naranja X,"Buen día David. Si, me interesa  Muchas gracias por tenerme en cuenta ",INBOX
2-NDg4ZWYwZTgtMTU0OS00NDIzLWI5OTktMGE2MWFhNzU2YjBhXzAxMw==,Busqueda Naranja X,David Nuñez,https://www.linkedin.com/in/david-nuñez-96a7ab1ab,Fernando Nicolas Zelarayan,https://www.linkedin.com/in/fernando-nicolas-zelarayan,2022-02-02 13:08:52 UTC,Busqueda Naranja X,"Fer como estas. Mi nombre es David Nuñez, soy parte de Naranja x, trabajo dentro de la Dirección de Sistemas - Resource & Capacity Management. Te contacto en esta ocasión a raíz de que estamos con búsquedas de Dev Node  y nos intereso tu perfil. Saludos y ms gs !!  David Nuñez Resource & Capacity Management - Naranja x ",INBOX
2-NWMwNTBjYjAtYTg0Ni00N2UzLWI0NDgtNTcyNTNiNTViMzI2XzAxMg==,,Agustin Gomez Aranda,https://www.linkedin.com/in/agustin-gomez-aranda,Fernando Nicolas Zelarayan,https://www.linkedin.com/in/fernando-nicolas-zelarayan,2022-01-31 06:59:19 UTC,,😊,INBOX
2-NWMwNTBjYjAtYTg0Ni00N2UzLWI0NDgtNTcyNTNiNTViMzI2XzAxMg==,,Fernando Nicolas Zelarayan,https://www.linkedin.com/in/fernando-nicolas-zelarayan,Agustin Gomez Aranda,https://www.linkedin.com/in/agustin-gomez-aranda,2022-01-31 06:59:13 UTC,,👍,INBOX
2-NWMwNTBjYjAtYTg0Ni00N2UzLWI0NDgtNTcyNTNiNTViMzI2XzAxMg==,,Agustin Gomez Aranda,https://www.linkedin.com/in/agustin-gomez-aranda,Fernando Nicolas Zelarayan,https://www.linkedin.com/in/fernando-nicolas-zelarayan,2022-01-31 06:59:07 UTC,,Compañero de Programación,INBOX
2-YjdhMzY1MzgtODlhOS00Y2QyLTk3YjYtYmFlYmFiOTc4NDY4XzAxMw==,Sponsored Conversation,LinkedIn Member,,Fernando Nicolas Zelarayan,https://www.linkedin.com/in/fernando-nicolas-zelarayan,2023-04-07 12:44:35 UTC,,"Hola, %FIRSTNAME%:  Soy André, del equipo de LinkedIn Sales Solutions.  Gracias por confiar en LinkedIn. Desde la última vez que te vimos, hemos añadido funcionalidades excelentes. Consulta las nuevas funciones y obtén un 50% de descuento durante 2 meses.    ¿Todo listo para empezar? ",ARCHIVE
2-OWEzMGRiNTMtMzkyOS00Y2RlLWEzNDktNzFhYTIyNDIwZTY4XzAxMw==,Invitación exclusiva a Talleres Nosis,Florencia Agustina Palladino,,Fernando Nicolas Zelarayan,https://www.linkedin.com/in/fernando-nicolas-zelarayan,2023-03-28 00:10:20 UTC,,"<p class=""spinmail-quill-editor__spin-break"">Hola Fernando Nicolas,</p><p class=""spinmail-quill-editor__spin-break""><br></p><p class=""spinmail-quill-editor__spin-break"">Esta es una invitación a participar de los <strong>Talleres Nosis</strong>, donde podrás adquirir contenidos especializados para impulsar tu negocio, a partir de herramientas de información estratégica.</p><p class=""spinmail-quill-editor__spin-break""><br></p><p class=""spinmail-quill-editor__spin-break""><strong>Son gratuitos, virtuales y de 1 hora de duración.</strong></p><p class=""spinmail-quill-editor__spin-break""><br></p><ul><li><strong>Taller Manager: </strong>tips para predecir el riesgo a través de Informes comerciales y scoring. </li><li><strong>Taller Compliance:</strong> cómo optimizar el proceso de debida diligencia y obtener un informe consolidado.<em> Recomendado para sujetos obligados.</em></li><li><strong>Taller de Matriz de Riesgo:</strong> cómo realizar una segmentación de riesgos en su cartera de clientes, proveedores, contrapartes.</li><li><strong>Taller Big Data:</strong> cómo investigar y segmentar su mercado con herramientas de Big Data.</li><li><strong>Taller Comercio Internacional:</strong> cómo potenciar sus estrategias de exportación con la investigación de mercados, clientes potenciales y competidores.</li><li><strong>Taller Cobranzas:</strong> gestión de cobranza preventiva, mora temprana y mora tardía de manera efectiva.</li><li><strong>Taller Validación de Identidad:</strong> cómo implementar soluciones de validación de identidad para evitar fraudes y riesgos.</li></ul><p class=""spinmail-quill-editor__spin-break"">👉 <a rel=""noopener"" href=""https://talleres.nosis.com/?utm_source=Linkedin&amp;utm_medium=paid+social&amp;utm_campaign=linkedinads&amp;utm_id=landing-talleres&amp;utm_content=talleres-mensaje-patrocinado&li_fat_id=c405ca51-4dc6-488b-be09-235ae30fd134"" target=""_blank""><strong>Hacé click</strong></a><strong> </strong>para inscribirte sin costo en los talleres de este mes.</p>",ARCHIVE
2-OGM5ZmEzYjMtOTg4OS00NzU0LTgzZWItOTBkYWQxNjU4NzY1XzAxMw==,¿Cómo estás,Julieta Ailen Victoriano,,Fernando Nicolas Zelarayan,https://www.linkedin.com/in/fernando-nicolas-zelarayan,2023-02-24 17:03:48 UTC,,"<p class=""spinmail-quill-editor__spin-break"">Soy Julieta, del equipo de Payoneer LatAm en Argentina.</p><p class=""spinmail-quill-editor__spin-break""><br></p><p class=""spinmail-quill-editor__spin-break"">Desde hace más de un año estamos ayudando a que miles de empresas&nbsp;puedan gestionar de manera simple sus cobros y pagos internacionales.</p><p class=""spinmail-quill-editor__spin-break""><br></p><p class=""spinmail-quill-editor__spin-break"">Te ofrecemos &gt;</p><ul><li>Cuentas para recibir transferencias locales en más de 8 países (US, EUR, UK, etc)&nbsp;</li><li>Cobro con tarjeta de crédito y posibilidad de recepción desde todo el mundo con Swift</li><li>Pagos a cuentas bancarias de todo el mundo</li><li>Disponibilidad de uso de fondos con las tarjetas Mastercard</li><li>Asesoría personalizada sin cargo para globalizar tu negocio y ofrecer tus servicios en las principales plataformas globales</li></ul><p class=""spinmail-quill-editor__spin-break""><br></p><p class=""spinmail-quill-editor__spin-break"">Estamos para acompañarte y ayudarte a crecer internacionalmente, más aún durante estos tiempos desafiantes.</p><p class=""spinmail-quill-editor__spin-break""><br></p><p class=""spinmail-quill-editor__spin-break"">Espero que estés bien!</p>",ARCHIVE
2-NGZmZWEzMGUtNTMyYS00OGZlLTkzZjAtMTQ1YjFiZTc5NmY4XzAxMw==,Sponsored Conversation,LinkedIn Member,,Fernando Nicolas Zelarayan,https://www.linkedin.com/in/fernando-nicolas-zelarayan,2023-02-15 23:59:18 UTC,,"¡Hola, %FIRSTNAME%! Me llamo Diane y formo parte del equipo de LinkedIn Premium. ¿Sabías que los miembros Premium tienen 18 veces más probabilidades de conseguir empleo en LinkedIn? Reactiva tu suscripción a Premium y consigue un descuento del 10% durante dos meses. ",ARCHIVE
2-YWQ1YTUwMDEtYmFkOS00NjhlLTg1M2QtMzU2OWFhZjQwMGJlXzAxMw==,Sponsored Conversation,LinkedIn Member,,Fernando Nicolas Zelarayan,https://www.linkedin.com/in/fernando-nicolas-zelarayan,2023-02-03 14:53:09 UTC,,"Hola %FIRSTNAME% Lanzamos una nueva API para Whatsapp, compatible con Chat-api, Waboxapp y Native Te interesa recibir mas info? ",ARCHIVE
2-NTJiOGU5M2QtMDFhMy00MjA5LWFkMzEtZDU3ODEyNTcyYWY5XzAxMw==,Sponsored Conversation,LinkedIn Member,,Fernando Nicolas Zelarayan,https://www.linkedin.com/in/fernando-nicolas-zelarayan,2022-12-26 16:51:07 UTC,,"¡Hola, %FIRSTNAME%! Me llamo Diane y formo parte del equipo de LinkedIn Premium. Hemos observado que el número de anuncios de empleo que te podrían interesar ha aumentado últimamente. ¿Te gustaría probar Premium gratis para conocer sus ventajas? ",ARCHIVE
2-ZmM3NGU2NjMtZjNmMi00ZmMyLWIwY2YtODgwNjdlMGRlZDc2XzAxMw==,Sponsored Conversation,LinkedIn Member,,Fernando Nicolas Zelarayan,https://www.linkedin.com/in/fernando-nicolas-zelarayan,2022-10-26 19:38:51 UTC,,"¡Hola, %FIRSTNAME%! Me llamo Melissa y formo parte del equipo de LinkedIn Premium. Hemos observado que el número de anuncios de empleo que te podrían interesar ha aumentado últimamente. ¿Te gustaría probar Premium gratis para conocer sus ventajas?",ARCHIVE
2-MGNlYWE3OTEtNTM4YS00MjE0LWI0MzgtNmU3NzQ2NDEwYzU3XzAxMw==,Gracias por ser usuario de LinkedIn,"Melissa, de LinkedIn Premium",,Fernando Nicolas Zelarayan,https://www.linkedin.com/in/fernando-nicolas-zelarayan,2022-08-26 21:05:02 UTC,,"<p class=""spinmail-quill-editor__spin-break"">Hola,&nbsp;Fernando Nicolas:</p><p class=""spinmail-quill-editor__spin-break""><br></p><p class=""spinmail-quill-editor__spin-break"">Nos gustaría ofrecerte un <a rel=""noopener"" href=""https://www.linkedin.com/premium/products?family=jss&amp;type=premium&amp;src=li-in&amp;trk=spinml_mktg_jss_ha_c_PREMIUM_C_JSS_SM_MA_GLOBAL_ES_JS=1_816_ACCN_SM_Oct-2021_V1_Firewood&amp;upsellOrderOrigin=spinml_mktg_jss_ha_c_PREMIUM_C_JSS_SM_MA_GLOBAL_ES_JS=1_816_ACCN_SM_Oct-2021_V1_Firewood&amp;mcid=6859893796541390848&amp;utype=job&li_fat_id=33f75180-c873-452f-8422-5b798f9ad7b2"" target=""_blank"">mes de prueba gratis de LinkedIn Premium</a>. Con LinkedIn Premium tienes acceso a lo siguiente:</p><p class=""spinmail-quill-editor__spin-break""><br></p><ul><li><strong>Cursos de LinkedIn Learning</strong> para que perfecciones tus aptitudes con los más de 15.000 cursos en video (1.500 en español) impartidos por expertos.</li><li><strong>Mensajes InMail </strong>para que contactes con quien quieras, aunque no estén conectados.</li><li><strong>«Quién ha visto tu perfil»</strong>, para que sepas quién ha consultado tu perfil en los últimos 90 días.</li><li><strong>Empleos según tu perfil</strong>, que te muestra una lista de empleos para los que serías el candidato ideal.</li><li><strong>Información</strong> sobre otras personas que han solicitado el mismo empleo que tú.</li></ul><p class=""spinmail-quill-editor__spin-break""><br></p><p class=""spinmail-quill-editor__spin-break"">Empieza hoy mismo tu mes de prueba gratis.</p><p class=""spinmail-quill-editor__spin-break""><br></p><p class=""spinmail-quill-editor__spin-break"">Saludos cordiales,&nbsp;</p><p class=""spinmail-quill-editor__spin-break"">Melissa y el equipo de LinkedIn Premium</p>",ARCHIVE
2-MDI3NWMxMGYtNzlmNi00ZjI5LTk5ODUtYjBjMDViNGUzNjljXzAxMw==,Sponsored Conversation,LinkedIn Member,,Fernando Nicolas Zelarayan,https://www.linkedin.com/in/fernando-nicolas-zelarayan,2022-07-01 22:31:09 UTC,,"Con HP Presence sé escuchado y visto en todas tus reuniones sin importar en dónde te encuentres gracias a sus cámaras avanzadas, audio potenciado por IA y seguridad robusta con HP Wolf Security. ¿Querés conocer más beneficios de esta tecnología? Elegí una de las siguientes opciones:",ARCHIVE
2-MDI3NWMxMGYtNzlmNi00ZjI5LTk5ODUtYjBjMDViNGUzNjljXzAxMw==,Sponsored Conversation,Fernando Nicolas Zelarayan,https://www.linkedin.com/in/fernando-nicolas-zelarayan,LinkedIn Member,,2022-07-01 22:31:08 UTC,,Conocé más,ARCHIVE
2-MDI3NWMxMGYtNzlmNi00ZjI5LTk5ODUtYjBjMDViNGUzNjljXzAxMw==,Sponsored Conversation,LinkedIn Member,,Fernando Nicolas Zelarayan,https://www.linkedin.com/in/fernando-nicolas-zelarayan,2022-07-01 18:32:50 UTC,,"Hola %FIRSTNAME%,  La colaboración tiene un nuevo nombre: HP Presence Trabajar de forma híbrida ahora es mejor con la potencia, diseño y seguridad de los computadores HP Elite, que junto con la tecnología de colaboración HP Presence es perfecta para los negocios. Notebooks elegantes, delgadas y livianas diseñadas para una increíble experiencia empresarial con Procesador Intel® Core™ i5 vPro® ",ARCHIVE
2-OTQ1YTZiOTEtOWQ0Ni00MWNkLWE3OTItZGE5M2JiNTYwYjQwXzAxMg==,Desarrolla tus aptitudes,Jill de LinkedIn Learning,,Fernando Nicolas Zelarayan,https://www.linkedin.com/in/fernando-nicolas-zelarayan,2022-06-27 15:59:51 UTC,,"<p class=""spinmail-quill-editor__spin-break"">Hola, Fernando Nicolas:</p><p class=""spinmail-quill-editor__spin-break""><br></p><p class=""spinmail-quill-editor__spin-break"">Queremos invitarte a probar <a rel=""noopener"" href=""https://www.linkedin.com/learning/subscription/products?trk=lol_c.in_AW_Global_ES_MoFu_Broad-Evergreen-a_SM_MA_learning&amp;src=li-in&amp;mcid=6727300049782611969&li_fat_id=86e2c4cf-ef57-4c32-8c68-ba5ba82ec0f7"" target=""_blank"">LinkedIn Learning gratis durante un mes</a>.</p><p class=""spinmail-quill-editor__spin-break""><br></p><p class=""spinmail-quill-editor__spin-break"">¿Quieres avanzar profesionalmente, encontrar empleo o dirigir un equipo? Sea como sea, en LinkedIn Learning encontrarás cursos de autoformación que te ayudarán a prepararte en los momentos clave gracias a:</p><p class=""spinmail-quill-editor__spin-break""><br></p><p class=""spinmail-quill-editor__spin-break"">• <strong>Contenido actualizado</strong> y basado en las tendencias del sector.</p><p class=""spinmail-quill-editor__spin-break"">• <strong>Acceso ilimitado</strong> a nuestro catálogo completo de cursos impartidos por expertos.</p><p class=""spinmail-quill-editor__spin-break"">• <strong>Aprendizaje a tu ritmo</strong> con audios y vídeos breves o cursos en profundidad.</p><p class=""spinmail-quill-editor__spin-break"">• <strong>Formación en cualquier momento y lugar,</strong> desde tu ordenador, dispositivo móvil o incluso sin conexión o solo audio.</p><p class=""spinmail-quill-editor__spin-break"">• <strong>Panel de preguntas, ejercicios y tests</strong> para practicar lo aprendido.</p><p class=""spinmail-quill-editor__spin-break"">• <strong>Certificado de finalización</strong> de cursos para demostrar tus aptitudes.</p><p class=""spinmail-quill-editor__spin-break""><br></p><p class=""spinmail-quill-editor__spin-break"">¡Empieza a formarte hoy mismo!</p><p class=""spinmail-quill-editor__spin-break""><br></p><p class=""spinmail-quill-editor__spin-break"">Saludos cordiales,</p><p class=""spinmail-quill-editor__spin-break"">Jill de LinkedIn Learning</p>",ARCHIVE
2-NjI5OTQwNWUtZDkxOS00ZGMyLWEwYWItMTMyNjQ1YWZjN2RiXzAxMw==,Mes de prueba de LinkedIn Premium,"Diane, de LinkedIn Premium",,Fernando Nicolas Zelarayan,https://www.linkedin.com/in/fernando-nicolas-zelarayan,2022-04-25 03:44:18 UTC,,"<p class=""spinmail-quill-editor__spin-break"">Hola,&nbsp;Fernando Nicolas:</p><p class=""spinmail-quill-editor__spin-break""><br></p><p class=""spinmail-quill-editor__spin-break"">Nos gustaría ofrecerte un <a rel=""noopener"" href=""https://www.linkedin.com/premium/products?family=jss&amp;type=premium&amp;src=li-in&amp;trk=spinml_mktg_jss_ha_c_PREMIUM_C_JSS_SM_MA_GLOBAL_ES_JS=1_816_ACCN_SM_Oct-2021_V4_Firewood&amp;upsellOrderOrigin=spinml_mktg_jss_ha_c_PREMIUM_C_JSS_SM_MA_GLOBAL_ES_JS=1_816_ACCN_SM_Oct-2021_V4_Firewood&amp;mcid=6859893796541390851&amp;utype=job&li_fat_id=ba426995-b484-4fbc-bdcd-e5bc13fe8f5c"" target=""_blank"">mes de prueba gratis de LinkedIn Premium</a>. Con LinkedIn Premium tienes acceso a lo siguiente:</p><p class=""spinmail-quill-editor__spin-break""><br></p><ul><li><strong>Cursos de LinkedIn Learning</strong> para que perfecciones tus aptitudes con los más de 15.000 cursos en video (1.500 en español) impartidos por expertos.</li><li><strong>Mensajes InMail </strong>para que contactes con quien quieras, aunque no estén conectados.</li><li><strong>«Quién ha visto tu perfil»</strong>, para que sepas quién ha consultado tu perfil en los últimos 90 días.</li><li><strong>Empleos según tu perfil</strong>, que te muestra una lista de empleos para los que serías el candidato ideal.</li><li><strong>Información</strong> sobre otras personas que han solicitado el mismo empleo que tú.</li></ul><p class=""spinmail-quill-editor__spin-break""><br></p><p class=""spinmail-quill-editor__spin-break"">Empieza hoy mismo tu mes de prueba gratis.</p><p class=""spinmail-quill-editor__spin-break""><br></p><p class=""spinmail-quill-editor__spin-break"">Saludos cordiales,&nbsp;</p><p class=""spinmail-quill-editor__spin-break"">Diane y el equipo de LinkedIn Premium</p>",ARCHIVE
2-MjQ4ZTVjMTEtMWQ3Zi00YjBiLWE2MGEtZGQ1Y2MwOTdlMDMzXzAxMg==,Sponsored Conversation,LinkedIn Member,,Fernando Nicolas Zelarayan,https://www.linkedin.com/in/fernando-nicolas-zelarayan,2022-04-14 03:37:11 UTC,,"Hola %FIRSTNAME%,  Con el trabajo remoto aumentaron los ataques a endpoints vulnerables fuera de la oficina.  Por ello, es importante contar con equipos reforzados con seguridad avanzada que los ayude a enfrentar las amenazas del día a día. HP cuenta con soluciones pensadas en proteger no solo tus dispositivos, sino también tus datos y negocio. Con #Windows10 ",ARCHIVE
2-YzgzZDJmYjQtY2NhOC00YmYwLThhYjEtNzVlMjUyMjc3NDVhXzAxMg==,Sponsored Conversation,LinkedIn Member,,Fernando Nicolas Zelarayan,https://www.linkedin.com/in/fernando-nicolas-zelarayan,2022-03-12 17:03:26 UTC,,"Hola %FIRSTNAME%,  Con el trabajo remoto aumentaron los ataques a endpoints vulnerables fuera de la oficina.  Por ello, es importante contar con equipos reforzados con seguridad avanzada que los ayude a enfrentar las amenazas del día a día. HP cuenta con soluciones pensadas en proteger no solo tus dispositivos, sino también tus datos y negocio. ",ARCHIVE
2-MzllOWJlOWMtZTk2Mi00MTA2LTg2NzAtMDU4ZDkxZjQyYTllXzAxMg==,Tienes una invitación para probar LinkedIn Learning gratis,Guzmán @ LinkedIn Learning,,Fernando Nicolas Zelarayan,https://www.linkedin.com/in/fernando-nicolas-zelarayan,2022-02-24 00:13:27 UTC,,"<p class=""spinmail-quill-editor__spin-break"">Hola, Fernando Nicolas:</p><p class=""spinmail-quill-editor__spin-break""><br></p><p class=""spinmail-quill-editor__spin-break"">Queremos invitarte a probar LinkedIn Learning gratis.</p><p class=""spinmail-quill-editor__spin-break""><br></p><p class=""spinmail-quill-editor__spin-break"">¿Por qué confían en LinkedIn Learning millones de profesionales?</p><p class=""spinmail-quill-editor__spin-break""><br></p><ul><li>Acceso ilimitado a más de 16.000 cursos impartidos por expertos del sector en varios idiomas, de los cuales, más de 1.800 en español.</li><li>Contenido que se adapta a tu estilo de aprendizaje con vídeos cortos o cursos exhaustivos.</li><li>Formación en cualquier momento y lugar, desde tu ordenador, dispositivo móvil o incluso sin conexión.</li><li>Ejercicios y tests para practicar lo aprendido.</li></ul><p class=""spinmail-quill-editor__spin-break""><br></p><p class=""spinmail-quill-editor__spin-break"">Saludos cordiales,</p><p class=""spinmail-quill-editor__spin-break"">Guzmán de LinkedIn Learning</p>",ARCHIVE
2-ZWZiOWRkMTUtYTBiNC00OWZkLTlkMDUtMTZiOWNiNjAzNzM5XzAxMg==,Sponsored Conversation,LinkedIn Member,,Fernando Nicolas Zelarayan,https://www.linkedin.com/in/fernando-nicolas-zelarayan,2022-02-04 13:01:52 UTC,,"Hola %FIRSTNAME%,  Zendesk está ayudando a empresas líderes a escalar sus operaciones de servicio siempre con un enfoque en el cliente. Nuestras soluciones unifican toda la comunicación con el usuario en una sola plataforma, ya sea vía chat, email, WhatsApp o teléfono, asegurando un tiempo de respuesta rápido y una mayor productividad para su equipo.  ¿Le gustaría saber cómo Zendesk puede ayudar a %COMPANYNAME% a atender a sus clientes de manera rápida y eficiente?",ARCHIVE
2-OGE2ZTJkYjItODk3Yi00YTcwLTkwZjUtNWMyMWVkNThjNDkxXzAxMw==,Canjea tu acceso gratis a LinkedIn Learning durante un mes,Guzmán @ LinkedIn Learning,,Fernando Nicolas Zelarayan,https://www.linkedin.com/in/fernando-nicolas-zelarayan,2021-12-25 18:20:35 UTC,,"<p class=""spinmail-quill-editor__spin-break"">Hola, Fernando Nicolas:</p><p class=""spinmail-quill-editor__spin-break""><br></p><p class=""spinmail-quill-editor__spin-break"">Queremos invitarte a probar LinkedIn Learning gratis.</p><p class=""spinmail-quill-editor__spin-break""><br></p><p class=""spinmail-quill-editor__spin-break"">¿Por qué confían en LinkedIn Learning millones de profesionales?</p><p class=""spinmail-quill-editor__spin-break""><br></p><ul><li>Acceso ilimitado a más de 16.000 cursos impartidos por expertos del sector en varios idiomas, de los cuales, más de 1.800 en español.</li><li>Contenido que se adapta a tu estilo de aprendizaje con vídeos cortos o cursos exhaustivos.</li><li>Formación en cualquier momento y lugar, desde tu ordenador, dispositivo móvil o incluso sin conexión.</li><li>Ejercicios y tests para practicar lo aprendido.</li></ul><p class=""spinmail-quill-editor__spin-break""><br></p><p class=""spinmail-quill-editor__spin-break"">Saludos cordiales,</p><p class=""spinmail-quill-editor__spin-break"">Guzmán de LinkedIn Learning</p>",ARCHIVE
