Date,Type,Link
2023-05-17 01:49:00,LIKE,https://www.linkedin.com/feed/update/urn%3Ali%3Aactivity%3A7063929826268635136
2023-05-12 16:13:48,LIKE,https://www.linkedin.com/feed/update/urn%3Ali%3AugcPost%3A7062495874223849472
2023-05-08 16:50:08,LIKE,https://www.linkedin.com/feed/update/urn%3Ali%3Aactivity%3A7061360777227612161
2023-05-03 22:11:47,PRAISE,https://www.linkedin.com/feed/update/urn%3Ali%3Aactivity%3A7058122770022330369
2023-04-12 00:20:17,LIKE,https://www.linkedin.com/feed/update/urn%3Ali%3Aactivity%3A7051373188127109120
2023-04-04 22:34:59,LIKE,https://www.linkedin.com/feed/update/urn%3Ali%3Aactivity%3A7049026200983257088
2023-04-02 23:37:18,LIKE,https://www.linkedin.com/feed/update/urn%3Ali%3Aactivity%3A7047184626636722176
2023-03-21 22:20:31,LIKE,https://www.linkedin.com/feed/update/urn%3Ali%3Aactivity%3A7043632615702081537
2023-03-18 19:31:27,LIKE,https://www.linkedin.com/feed/update/urn%3Ali%3Aactivity%3A7042875883950354432
2023-03-18 14:04:59,LIKE,https://www.linkedin.com/feed/update/urn%3Ali%3Aactivity%3A7041731161160613888
2023-03-17 22:27:17,LIKE,https://www.linkedin.com/feed/update/urn%3Ali%3AugcPost%3A7042513934473441280?commentUrn=urn%3Ali%3Acomment%3A%28ugcPost%3A7042513934473441280%2C7042621847879696384%29
2023-03-15 22:47:45,LIKE,https://www.linkedin.com/feed/update/urn%3Ali%3Aactivity%3A7041730555276578817
2023-03-14 22:08:53,LIKE,https://www.linkedin.com/feed/update/urn%3Ali%3AugcPost%3A7041463532776755200
2023-03-13 17:33:31,LIKE,https://www.linkedin.com/feed/update/urn%3Ali%3Aactivity%3A7041016219679756288
2023-02-22 22:47:10,LIKE,https://www.linkedin.com/feed/update/urn%3Ali%3Aactivity%3A7029488631438319616
2023-02-22 16:39:27,LIKE,https://www.linkedin.com/feed/update/urn%3Ali%3AugcPost%3A7034000767434813440
2023-02-17 20:02:41,LIKE,https://www.linkedin.com/feed/update/urn%3Ali%3Aactivity%3A7032314041167441920
2023-02-17 17:02:37,LIKE,https://www.linkedin.com/feed/update/urn%3Ali%3Aactivity%3A7032360800979693569
2023-02-10 19:28:11,LIKE,https://www.linkedin.com/feed/update/urn%3Ali%3AugcPost%3A7029879946743279616
2023-02-07 23:21:19,LIKE,https://www.linkedin.com/feed/update/urn%3Ali%3Aactivity%3A7027817246634721280
2023-01-31 18:25:25,LIKE,https://www.linkedin.com/feed/update/urn%3Ali%3Aactivity%3A7026243827132694529
2023-01-31 15:08:21,LIKE,https://www.linkedin.com/feed/update/urn%3Ali%3Aactivity%3A7026196377449697280
2023-01-22 07:02:16,LIKE,https://www.linkedin.com/feed/update/urn%3Ali%3AugcPost%3A7021524701051052032
2023-01-20 18:02:07,LIKE,https://www.linkedin.com/feed/update/urn%3Ali%3Aactivity%3A7022254851979907072
2023-01-17 19:30:36,LIKE,https://www.linkedin.com/feed/update/urn%3Ali%3Aactivity%3A7014616320746917889
2023-01-16 23:26:29,LIKE,https://www.linkedin.com/feed/update/urn%3Ali%3Aactivity%3A7020868824497319936
2023-01-13 05:24:46,LIKE,https://www.linkedin.com/feed/update/urn%3Ali%3Aactivity%3A7019336074929786880
2023-01-13 01:44:54,ENTERTAINMENT,https://www.linkedin.com/feed/update/urn%3Ali%3Aactivity%3A7018574782409437185?commentUrn=urn%3Ali%3Acomment%3A%28activity%3A7018574782409437185%2C7019472893742845952%29
2023-01-11 19:16:08,LIKE,https://www.linkedin.com/feed/update/urn%3Ali%3Aactivity%3A7018962107547217920
2023-01-11 18:41:55,LIKE,https://www.linkedin.com/feed/update/urn%3Ali%3Aactivity%3A7018957457670455296
2023-01-09 06:01:47,LIKE,https://www.linkedin.com/feed/update/urn%3Ali%3Aactivity%3A7018022059632939008
2023-01-04 05:56:43,LIKE,https://www.linkedin.com/feed/update/urn%3Ali%3Aactivity%3A7014698468799614976
2023-01-03 22:09:39,LIKE,https://www.linkedin.com/feed/update/urn%3Ali%3Aactivity%3A7014248594798985216
2023-01-02 22:13:21,LIKE,https://www.linkedin.com/feed/update/urn%3Ali%3Aactivity%3A7014240834581598208
2023-01-01 02:49:34,LIKE,https://www.linkedin.com/feed/update/urn%3Ali%3Aactivity%3A7014652192305373184
2022-12-31 23:13:26,LIKE,https://www.linkedin.com/feed/update/urn%3Ali%3Aactivity%3A7015084314484699136
2022-12-21 00:50:57,LIKE,https://www.linkedin.com/feed/update/urn%3Ali%3Aactivity%3A7010323610032586753
2022-12-20 21:23:36,LIKE,https://www.linkedin.com/feed/update/urn%3Ali%3Aactivity%3A7010703336815357953
2022-12-20 20:51:05,LIKE,https://www.linkedin.com/feed/update/urn%3Ali%3Aactivity%3A6986685606856667136?commentUrn=urn%3Ali%3Acomment%3A%28activity%3A6986685606856667136%2C7011058796588351488%29
2022-12-20 02:59:33,LIKE,https://www.linkedin.com/feed/update/urn%3Ali%3Aactivity%3A7008114474532368384
2022-12-20 02:54:07,LIKE,https://www.linkedin.com/feed/update/urn%3Ali%3Aactivity%3A6986685606856667136
2022-12-01 22:18:19,LIKE,https://www.linkedin.com/feed/update/urn%3Ali%3Aactivity%3A7003870973892427776
2022-11-20 01:23:20,LIKE,https://www.linkedin.com/feed/update/urn%3Ali%3AugcPost%3A6999370455723704320
2022-11-15 10:31:43,LIKE,https://www.linkedin.com/feed/update/urn%3Ali%3Aactivity%3A6995182542404349952
2022-11-06 22:23:22,LIKE,https://www.linkedin.com/feed/update/urn%3Ali%3Aactivity%3A6994317841705410560
2022-10-28 17:08:29,LIKE,https://www.linkedin.com/feed/update/urn%3Ali%3Aactivity%3A6991743978714849280
2022-10-26 23:24:31,LIKE,https://www.linkedin.com/feed/update/urn%3Ali%3Aactivity%3A6990626541344813056
2022-10-23 22:20:54,LIKE,https://www.linkedin.com/feed/update/urn%3Ali%3Aactivity%3A6989609684026470400
2022-09-05 11:07:39,LIKE,https://www.linkedin.com/feed/update/urn%3Ali%3Aactivity%3A6971846327416598528?commentUrn=urn%3Ali%3Acomment%3A%28activity%3A6971846327416598528%2C6972199637805895680%29
2022-08-31 17:14:26,LIKE,https://www.linkedin.com/feed/update/urn%3Ali%3Aactivity%3A6968578641249075200
2022-08-29 21:01:54,LIKE,https://www.linkedin.com/feed/update/urn%3Ali%3Aactivity%3A6970012707152379904
2022-08-25 02:22:05,LIKE,https://www.linkedin.com/feed/update/urn%3Ali%3Aactivity%3A6968260520613179393
2022-08-23 03:58:29,LIKE,https://www.linkedin.com/feed/update/urn%3Ali%3Aactivity%3A6967492197063491584
2022-08-16 18:44:34,LIKE,https://www.linkedin.com/feed/update/urn%3Ali%3Aactivity%3A6963874482922868736
2022-08-15 23:57:54,EMPATHY,https://www.linkedin.com/feed/update/urn%3Ali%3Aactivity%3A6962533643583922176
2022-08-08 17:53:37,LIKE,https://www.linkedin.com/feed/update/urn%3Ali%3Aactivity%3A6962232930366570496
2022-08-08 01:10:47,LIKE,https://www.linkedin.com/feed/update/urn%3Ali%3Aactivity%3A6958176149499752448
2022-08-08 01:02:33,LIKE,https://www.linkedin.com/feed/update/urn%3Ali%3Aactivity%3A6961725774508769280
2022-08-08 01:02:15,LIKE,https://www.linkedin.com/feed/update/urn%3Ali%3Aactivity%3A6962116440363573248
2022-08-03 21:47:58,LIKE,https://www.linkedin.com/feed/update/urn%3Ali%3Aactivity%3A6960598374228049920
2022-07-28 12:20:58,LIKE,https://www.linkedin.com/feed/update/urn%3Ali%3Aactivity%3A6956227884239720448
2022-07-24 23:57:56,LIKE,https://www.linkedin.com/feed/update/urn%3Ali%3Aactivity%3A6952276470916333568
2022-07-24 23:56:44,LIKE,https://www.linkedin.com/feed/update/urn%3Ali%3Aactivity%3A6952680173720743936
2022-07-01 16:54:04,LIKE,https://www.linkedin.com/feed/update/urn%3Ali%3AugcPost%3A6948027728109395968
2022-06-07 22:26:08,LIKE,https://www.linkedin.com/feed/update/urn%3Ali%3AugcPost%3A6939645886826184704
2022-06-01 22:55:55,LIKE,https://www.linkedin.com/feed/update/urn%3Ali%3AugcPost%3A6937026876016058368
2022-05-27 16:53:58,LIKE,https://www.linkedin.com/feed/update/urn%3Ali%3Aactivity%3A6935664590672302080
2022-05-27 16:53:43,LIKE,https://www.linkedin.com/feed/update/urn%3Ali%3AugcPost%3A6931989796550516736
2022-05-27 16:53:39,LIKE,https://www.linkedin.com/feed/update/urn%3Ali%3Aactivity%3A6935946439411838977
2022-05-20 15:39:51,LIKE,https://www.linkedin.com/feed/update/urn%3Ali%3Aactivity%3A6932752735234609152
2022-05-19 04:03:00,LIKE,https://www.linkedin.com/feed/update/urn%3Ali%3Aactivity%3A6931972495574978562
2022-05-19 04:02:57,LIKE,https://www.linkedin.com/feed/update/urn%3Ali%3Aactivity%3A6932329983142969346
2022-05-10 16:16:41,LIKE,https://www.linkedin.com/feed/update/urn%3Ali%3Aactivity%3A6929430900946440192
2022-04-21 14:35:37,LIKE,https://www.linkedin.com/feed/update/urn%3Ali%3AugcPost%3A6922509701330964480
2022-04-21 14:11:01,LIKE,https://www.linkedin.com/feed/update/urn%3Ali%3Aactivity%3A6922906998300667906
2022-04-21 14:09:36,LIKE,https://www.linkedin.com/feed/update/urn%3Ali%3Aactivity%3A6922619890860232704
2022-04-19 03:03:03,PRAISE,https://www.linkedin.com/feed/update/urn%3Ali%3Aactivity%3A6920818249114750977
2022-04-17 03:05:19,LIKE,https://www.linkedin.com/feed/update/urn%3Ali%3Aactivity%3A6920822111292780545
2022-04-14 14:11:20,LIKE,https://www.linkedin.com/feed/update/urn%3Ali%3Aactivity%3A6920372692856512512
2022-04-09 19:24:13,LIKE,https://www.linkedin.com/feed/update/urn%3Ali%3Aactivity%3A6917919930755485697
2022-04-05 04:53:43,LIKE,https://www.linkedin.com/feed/update/urn%3Ali%3Aactivity%3A6916954439840870400
2022-04-01 13:02:45,LIKE,https://www.linkedin.com/feed/update/urn%3Ali%3Aactivity%3A6915019620428972032
2022-04-01 13:02:31,LIKE,https://www.linkedin.com/feed/update/urn%3Ali%3Aactivity%3A6914927327319621632
2022-04-01 13:00:38,LIKE,https://www.linkedin.com/feed/update/urn%3Ali%3Aactivity%3A6915299252994744320
2022-04-01 13:00:16,LIKE,https://www.linkedin.com/feed/update/urn%3Ali%3Aactivity%3A6915346316160024576
2022-03-29 10:57:49,LIKE,https://www.linkedin.com/feed/update/urn%3Ali%3Aactivity%3A6914514011032039424
2022-03-28 13:50:07,LIKE,https://www.linkedin.com/feed/update/urn%3Ali%3AugcPost%3A6913904796231970816
2022-03-25 23:07:26,PRAISE,https://www.linkedin.com/feed/update/urn%3Ali%3Aactivity%3A6909230610435772416
2022-03-25 23:05:10,LIKE,https://www.linkedin.com/feed/update/urn%3Ali%3Aactivity%3A6912804632016625665
2022-03-25 23:03:53,LIKE,https://www.linkedin.com/feed/update/urn%3Ali%3AugcPost%3A6912612721284849666
2022-03-25 23:02:54,LIKE,https://www.linkedin.com/feed/update/urn%3Ali%3Aactivity%3A6913169951344181248
2022-03-23 21:26:22,LIKE,https://www.linkedin.com/feed/update/urn%3Ali%3AugcPost%3A6912436797079744512
2022-03-21 17:24:00,LIKE,https://www.linkedin.com/feed/update/urn%3Ali%3Aactivity%3A6909913455202299904
2022-03-21 17:06:29,LIKE,https://www.linkedin.com/feed/update/urn%3Ali%3Aactivity%3A6911311302606876672
2022-03-21 17:04:43,LIKE,https://www.linkedin.com/feed/update/urn%3Ali%3Aactivity%3A6911659618200887296
2022-03-21 13:05:35,LIKE,https://www.linkedin.com/feed/update/urn%3Ali%3Aactivity%3A6908391288761397248
2022-03-21 12:58:00,LIKE,https://www.linkedin.com/feed/update/urn%3Ali%3Aactivity%3A6908402366371225600
2022-03-21 12:51:17,LIKE,https://www.linkedin.com/feed/update/urn%3Ali%3Aactivity%3A6907422828967395328
2022-03-21 12:46:53,LIKE,https://www.linkedin.com/feed/update/urn%3Ali%3Aactivity%3A6911345377568776192
2022-03-21 03:29:51,LIKE,https://www.linkedin.com/feed/update/urn%3Ali%3Aactivity%3A6906939170368167936
2022-03-21 03:29:43,LIKE,https://www.linkedin.com/feed/update/urn%3Ali%3Aactivity%3A6909506060407975936
2022-03-21 03:26:44,LIKE,https://www.linkedin.com/feed/update/urn%3Ali%3Aactivity%3A6911423155127361536
2022-03-21 00:42:13,LIKE,https://www.linkedin.com/feed/update/urn%3Ali%3Aactivity%3A6909836299050835968
2022-03-17 11:29:46,LIKE,https://www.linkedin.com/feed/update/urn%3Ali%3AugcPost%3A6909575787641749504
2022-03-09 12:38:54,LIKE,https://www.linkedin.com/feed/update/urn%3Ali%3Aactivity%3A6906601645481041920
2022-03-09 11:23:54,LIKE,https://www.linkedin.com/feed/update/urn%3Ali%3AugcPost%3A6896827964797837312
2022-03-09 11:22:06,LIKE,https://www.linkedin.com/feed/update/urn%3Ali%3Aactivity%3A6906973704056897536
2022-03-08 11:25:00,LIKE,https://www.linkedin.com/feed/update/urn%3Ali%3Aactivity%3A6903678141697441792
2022-03-07 03:43:46,LIKE,https://www.linkedin.com/feed/update/urn%3Ali%3Aactivity%3A6904200415437819905
2022-03-07 03:43:29,LIKE,https://www.linkedin.com/feed/update/urn%3Ali%3Aactivity%3A6906392447208042496
2022-03-04 15:50:28,PRAISE,https://www.linkedin.com/feed/update/urn%3Ali%3Aactivity%3A6905501248641187841
2022-03-04 11:24:51,LIKE,https://www.linkedin.com/feed/update/urn%3Ali%3Aactivity%3A6902666559874285568
2022-03-03 11:46:47,LIKE,https://www.linkedin.com/feed/update/urn%3Ali%3Aactivity%3A6905065524397764608
2022-03-03 11:44:48,LIKE,https://www.linkedin.com/feed/update/urn%3Ali%3Aactivity%3A6904891840802488320
2022-02-28 04:48:47,LIKE,https://www.linkedin.com/feed/update/urn%3Ali%3Aactivity%3A6902726490115452928
2022-02-28 02:50:01,LIKE,https://www.linkedin.com/feed/update/urn%3Ali%3Aactivity%3A6902294574602293248
2022-02-25 16:33:21,LIKE,https://www.linkedin.com/feed/update/urn%3Ali%3Aactivity%3A6902998159673683968
2022-02-25 02:49:29,LIKE,https://www.linkedin.com/feed/update/urn%3Ali%3Aactivity%3A6902224976846692352
2022-02-22 19:28:48,LIKE,https://www.linkedin.com/feed/update/urn%3Ali%3Aactivity%3A6901953609454751745
2022-02-19 23:07:31,LIKE,https://www.linkedin.com/feed/update/urn%3Ali%3Aactivity%3A6900935082904039424
2022-02-17 21:25:50,LIKE,https://www.linkedin.com/feed/update/urn%3Ali%3Aactivity%3A6900103256266395648
2022-02-17 21:24:55,LIKE,https://www.linkedin.com/feed/update/urn%3Ali%3Aactivity%3A6900089627659894784
2022-02-17 21:24:18,LIKE,https://www.linkedin.com/feed/update/urn%3Ali%3Aactivity%3A6897634090867077121
2022-02-17 13:51:33,APPRECIATION,https://www.linkedin.com/feed/update/urn%3Ali%3Aactivity%3A6895775314044076032
2022-02-16 21:17:56,LIKE,https://www.linkedin.com/feed/update/urn%3Ali%3AugcPost%3A6899628529521090560
2022-02-16 20:47:27,LIKE,https://www.linkedin.com/feed/update/urn%3Ali%3Aactivity%3A6899720612731060225
2022-02-16 20:47:03,LIKE,https://www.linkedin.com/feed/update/urn%3Ali%3Aactivity%3A6899728675227742208
2022-02-16 20:40:47,LIKE,https://www.linkedin.com/feed/update/urn%3Ali%3Aactivity%3A6899734694070730754
2022-02-16 07:09:54,PRAISE,https://www.linkedin.com/feed/update/urn%3Ali%3Aactivity%3A6899428892017573889
2022-02-16 02:55:43,LIKE,https://www.linkedin.com/feed/update/urn%3Ali%3Aactivity%3A6896444192688857088
2022-02-16 01:58:07,LIKE,https://www.linkedin.com/feed/update/urn%3Ali%3Aactivity%3A6899099975607738368
2022-02-15 20:59:05,LIKE,https://www.linkedin.com/feed/update/urn%3Ali%3Aactivity%3A6899421923248611328
2022-02-15 20:58:44,LIKE,https://www.linkedin.com/feed/update/urn%3Ali%3Aactivity%3A6899359940532916224
2022-02-15 08:33:18,LIKE,https://www.linkedin.com/feed/update/urn%3Ali%3Aactivity%3A6895122965999296512
2022-02-14 02:37:35,LIKE,https://www.linkedin.com/feed/update/urn%3Ali%3Aactivity%3A6898673923181858816
2022-02-14 01:00:34,LIKE,https://www.linkedin.com/feed/update/urn%3Ali%3Aactivity%3A6894427665571356672
2022-02-13 21:04:33,LIKE,https://www.linkedin.com/feed/update/urn%3Ali%3Aactivity%3A6898606495458828288
2022-02-13 21:03:55,LIKE,https://www.linkedin.com/feed/update/urn%3Ali%3Aactivity%3A6898436453999988736
2022-02-12 06:28:41,LIKE,https://www.linkedin.com/feed/update/urn%3Ali%3AugcPost%3A6896420552853336064
2022-02-12 06:25:01,LIKE,https://www.linkedin.com/feed/update/urn%3Ali%3Aactivity%3A6897895406986944512
2022-02-12 06:23:41,LIKE,https://www.linkedin.com/feed/update/urn%3Ali%3Aactivity%3A6897946394813181952
2022-02-12 06:23:11,LIKE,https://www.linkedin.com/feed/update/urn%3Ali%3Aactivity%3A6896891263702892545
2022-02-12 06:23:09,LIKE,https://www.linkedin.com/feed/update/urn%3Ali%3Aactivity%3A6897709428083412992
2022-02-10 22:22:18,LIKE,https://www.linkedin.com/feed/update/urn%3Ali%3Aactivity%3A6897586226543558656
2022-02-10 16:11:29,LIKE,https://www.linkedin.com/feed/update/urn%3Ali%3Aactivity%3A6897524792816459776
2022-02-10 16:02:02,LIKE,https://www.linkedin.com/feed/update/urn%3Ali%3Aactivity%3A6897259485782425601
2022-02-10 16:01:25,LIKE,https://www.linkedin.com/feed/update/urn%3Ali%3Aactivity%3A6897329803801026560
2022-02-09 18:50:06,LIKE,https://www.linkedin.com/feed/update/urn%3Ali%3Aactivity%3A6896950040640806912
2022-02-09 06:48:36,LIKE,https://www.linkedin.com/feed/update/urn%3Ali%3Aactivity%3A6896852103395172352?commentUrn=urn%3Ali%3Acomment%3A%28activity%3A6896852103395172352%2C6896946453919399937%29
2022-02-09 06:47:40,LIKE,https://www.linkedin.com/feed/update/urn%3Ali%3Aactivity%3A6896852103395172352
2022-02-09 06:35:51,LIKE,https://www.linkedin.com/feed/update/urn%3Ali%3Aactivity%3A6896842210344517632
2022-02-09 05:01:42,LIKE,https://www.linkedin.com/feed/update/urn%3Ali%3Aactivity%3A6896882503169519617?commentUrn=urn%3Ali%3Acomment%3A%28activity%3A6896882503169519617%2C6896969320551788544%29
2022-02-09 04:58:14,LIKE,https://www.linkedin.com/feed/update/urn%3Ali%3Aactivity%3A6896945787243159553
2022-02-08 18:13:16,LIKE,https://www.linkedin.com/feed/update/urn%3Ali%3AugcPost%3A6895908411733626880
2022-02-08 18:12:23,LIKE,https://www.linkedin.com/feed/update/urn%3Ali%3Aactivity%3A6892900078508404737
2022-02-07 21:34:25,LIKE,https://www.linkedin.com/feed/update/urn%3Ali%3Aactivity%3A6896140183729713152
2022-02-07 16:53:15,LIKE,https://www.linkedin.com/feed/update/urn%3Ali%3Aactivity%3A6894773041717727232
2022-02-06 19:25:18,LIKE,https://www.linkedin.com/feed/update/urn%3Ali%3Aactivity%3A6894068015298924544
2022-02-05 21:52:00,LIKE,https://www.linkedin.com/feed/update/urn%3Ali%3Aactivity%3A6891146405046804480
2022-02-05 18:36:06,LIKE,https://www.linkedin.com/feed/update/urn%3Ali%3Aactivity%3A6895018464961003521
2022-02-04 22:07:29,LIKE,https://www.linkedin.com/feed/update/urn%3Ali%3Aactivity%3A6895005464166547456
2022-02-04 22:07:13,LIKE,https://www.linkedin.com/feed/update/urn%3Ali%3Aactivity%3A6895302369115287554
2022-02-04 19:10:35,LIKE,https://www.linkedin.com/feed/update/urn%3Ali%3Aactivity%3A6895027192687140864
2022-02-04 19:09:52,LIKE,https://www.linkedin.com/feed/update/urn%3Ali%3Aactivity%3A6892735556036431872
2022-02-04 19:09:30,LIKE,https://www.linkedin.com/feed/update/urn%3Ali%3Aactivity%3A6895370489645412352
2022-02-04 15:45:54,EMPATHY,https://www.linkedin.com/feed/update/urn%3Ali%3Aactivity%3A6887723730819158016
2022-02-04 15:45:15,LIKE,https://www.linkedin.com/feed/update/urn%3Ali%3Aactivity%3A6895375716461203456
2022-02-04 13:03:43,LIKE,https://www.linkedin.com/feed/update/urn%3Ali%3Aactivity%3A6895006395079757824
2022-02-04 13:01:43,LIKE,https://www.linkedin.com/feed/update/urn%3Ali%3AugcPost%3A6895341708536864768
2022-02-04 04:56:27,LIKE,https://www.linkedin.com/feed/update/urn%3Ali%3Aactivity%3A6885574245452259328
2022-02-04 04:52:08,LIKE,https://www.linkedin.com/feed/update/urn%3Ali%3Aactivity%3A6891940159500247040
2022-02-04 04:39:47,LIKE,https://www.linkedin.com/feed/update/urn%3Ali%3Aactivity%3A6894771623791341568
2022-02-03 18:07:23,LIKE,https://www.linkedin.com/feed/update/urn%3Ali%3Aactivity%3A6895063209146208256
2022-02-03 17:29:53,LIKE,https://www.linkedin.com/feed/update/urn%3Ali%3AugcPost%3A6894683284669100032?commentUrn=urn%3Ali%3Acomment%3A%28ugcPost%3A6894683284669100032%2C6894972968263630848%29
2022-02-03 06:18:51,LIKE,https://www.linkedin.com/feed/update/urn%3Ali%3AugcPost%3A6894683284669100032
2022-02-03 06:10:12,LIKE,https://www.linkedin.com/feed/update/urn%3Ali%3Aactivity%3A6894067142824976384
2022-02-03 06:09:38,LIKE,https://www.linkedin.com/feed/update/urn%3Ali%3Aactivity%3A6894758397636333568
2022-02-02 16:58:33,LIKE,https://www.linkedin.com/feed/update/urn%3Ali%3Aactivity%3A6894319551551455232
2022-02-02 16:57:59,LIKE,https://www.linkedin.com/feed/update/urn%3Ali%3Aactivity%3A6894246433839480832
2022-02-02 13:07:56,LIKE,https://www.linkedin.com/feed/update/urn%3Ali%3Aactivity%3A6889943283510870016
2022-02-02 13:07:16,LIKE,https://www.linkedin.com/feed/update/urn%3Ali%3Aactivity%3A6893912969454178304
2022-02-02 12:37:30,LIKE,https://www.linkedin.com/feed/update/urn%3Ali%3Aactivity%3A6894274231602159616
2022-02-02 12:36:59,LIKE,https://www.linkedin.com/feed/update/urn%3Ali%3Aactivity%3A6893241441125310464
2022-02-02 12:30:45,LIKE,https://www.linkedin.com/feed/update/urn%3Ali%3Aactivity%3A6894276597457698817
2022-02-01 23:00:13,LIKE,https://www.linkedin.com/feed/update/urn%3Ali%3Aactivity%3A6894262847329972224
2022-02-01 22:58:10,LIKE,https://www.linkedin.com/feed/update/urn%3Ali%3Aactivity%3A6894277319398109184
2022-01-31 22:43:36,LIKE,https://www.linkedin.com/feed/update/urn%3Ali%3Aactivity%3A6893885431105343488
2022-01-31 07:44:53,LIKE,https://www.linkedin.com/feed/update/urn%3Ali%3Aactivity%3A6893696719557922816
2022-01-31 07:43:56,LIKE,https://www.linkedin.com/feed/update/urn%3Ali%3Aactivity%3A6893589011425021952
2022-01-30 20:52:48,MAYBE,https://www.linkedin.com/feed/update/urn%3Ali%3Aactivity%3A6892486678196674560
2022-01-30 19:24:51,LIKE,https://www.linkedin.com/feed/update/urn%3Ali%3Aactivity%3A6893200883929468928
2022-01-27 20:26:17,LIKE,https://www.linkedin.com/feed/update/urn%3Ali%3AgroupPost%3A9077488-6890382724272586752
2022-01-25 07:15:20,LIKE,https://www.linkedin.com/feed/update/urn%3Ali%3Aactivity%3A6890780272359800832
