Saved Search Date,Jobs Search Url
"4/3/23, 2:11 AM",https://www.linkedin.com/jobs/search?orig=JOB_ALERT
"2/14/23, 8:12 PM",https://www.linkedin.com/jobs/search?f_C=15261778&orig=JOB_ALERT
"1/8/23, 6:20 AM",https://www.linkedin.com/jobs/search?f_C=107300&orig=JOB_ALERT
"10/20/22, 11:42 PM",https://www.linkedin.com/jobs/search?orig=JOB_ALERT
"1/29/22, 6:52 AM",https://www.linkedin.com/jobs/search?keywords=Desarrollador+de+Python&f_JT=F%2CC%2CP%2CI%2CT&orig=JOB_ALERT
"1/29/22, 6:52 AM",https://www.linkedin.com/jobs/search?keywords=Desarrollador+web&f_JT=F%2CC%2CP%2CI%2CT&orig=JOB_ALERT
"12/22/21, 6:32 AM",https://www.linkedin.com/jobs/search?keywords=Desarrollador+de+front-end&f_JT=F%2CC%2CP%2CI%2CT&orig=JOB_ALERT
"12/22/21, 6:25 AM",https://www.linkedin.com/jobs/search?keywords=Desarrollador+de+JavaScript&orig=JOB_ALERT
"12/22/21, 6:25 AM",https://www.linkedin.com/jobs/search?keywords=Desarrollador+web&orig=JOB_ALERT
