Date,ShareLink,ShareCommentary,SharedURL,MediaURL,Visibility
2023-04-02 20:48:29,https://www.linkedin.com/feed/update/urn%3Ali%3Ashare%3A7048395789382893568,View my verified achievement from Cisco.,https://www.credly.com/badges/b5935ca1-433e-4eff-86d5-7f24c65344b3/linked_in?t=rsi9ss,https://images.credly.com/images/054913b2-e271-49a2-a1a4-9bf1c1f9a404/linkedin_thumb_CyberEssentials.png,MEMBER_NETWORK
2023-03-12 16:20:42,https://www.linkedin.com/feed/update/urn%3Ali%3AugcPost%3A7040718254079684608,¡Me alegra contarles que he obtenido un nuevo certificado: Architecting with Google Kubernetes Engine: Workloads de Coursera!,,,MEMBER_NETWORK
2023-02-06 20:08:21,https://www.linkedin.com/feed/update/urn%3Ali%3AugcPost%3A7028454356446265345,¡He empezado en un nuevo puesto de Especialista en TI en SYNAgro - Software Agropecuario ! ,,,MEMBER_NETWORK
2023-01-14 09:19:53,https://www.linkedin.com/feed/update/urn%3Ali%3AugcPost%3A7019956246640214016,"Feliz de haber Obtenido mi certificado de Google Cloud Fundamentals: Core Infrastructure de Coursera! ""
"" #cloud #infrastructure #DevOps",,,MEMBER_NETWORK
2023-01-10 22:45:53,https://www.linkedin.com/feed/update/urn%3Ali%3AugcPost%3A7018709529735376896,IA para todos de Coursera! ,,,MEMBER_NETWORK
2023-01-03 22:09:24,https://www.linkedin.com/feed/update/urn%3Ali%3Ashare%3A7016163632191287296,,,,MEMBER_NETWORK
2022-12-19 00:40:12,https://www.linkedin.com/feed/update/urn%3Ali%3Ashare%3A7010403378522427392,"un ejemplo para muchos, este sr llegó siendo cuestionado por su inexperiencia sin tener en cuenta su capacidad. y así en silencio trabajo para llegar a ser el campeón mundial, esto demuestra que la experiencia sirve y suma pero la capacidad y el talento no pueden ser desperdiciados por falta de experiencia. hoy argentina quizás no sería campeón del mundo si no le hubiera dado oportunidad a Scaloni y se hubiera quedado solamente con la falta de experiencia.""
""""
"" #argentina #talento #trabajo #oportunidad ",,,MEMBER_NETWORK
2022-10-30 19:56:39,https://www.linkedin.com/feed/update/urn%3Ali%3Ashare%3A6992575013530816512,,,,MEMBER_NETWORK
2022-08-23 03:58:33,https://www.linkedin.com/feed/update/urn%3Ali%3Ashare%3A6967691528697704448,,,,MEMBER_NETWORK
2022-08-18 13:32:59,https://www.linkedin.com/feed/update/urn%3Ali%3Ashare%3A6966024148468838400,"CARLA PAOLA VERA ALBORNOZ busca personal, #hiring. ¿Conoces a alguien a quien podría interesarle?",,,MEMBER_NETWORK
2022-08-03 21:48:03,https://www.linkedin.com/feed/update/urn%3Ali%3Ashare%3A6960712918610915329,,,,MEMBER_NETWORK
2022-04-21 14:09:40,https://www.linkedin.com/feed/update/urn%3Ali%3Ashare%3A6922909222972063744,,,,MEMBER_NETWORK
2022-03-25 23:04:22,https://www.linkedin.com/feed/update/urn%3Ali%3AugcPost%3A6913259315113959424,,,,MEMBER_NETWORK
2022-03-21 17:04:47,https://www.linkedin.com/feed/update/urn%3Ali%3Ashare%3A6911719271219773441,,,,MEMBER_NETWORK
2022-02-25 19:01:34,https://www.linkedin.com/feed/update/urn%3Ali%3AugcPost%3A6903051348883881984,"excelente reflexión, a veces necesitamos ese empujón para volver a desafiar nuestros límites reinventadonos. hace unos meses renuncie a un empleo y mi calidad de vida dio un salto gigante en cuanto a tranquilidad y paz mental. todo es parte de este viaje que es la vida",,,MEMBER_NETWORK
2022-02-25 16:33:25,https://www.linkedin.com/feed/update/urn%3Ali%3Ashare%3A6903014068861366272,,,,MEMBER_NETWORK
2022-02-19 01:36:43,https://www.linkedin.com/feed/update/urn%3Ali%3Ashare%3A6900614078922854401,,,,MEMBER_NETWORK
2022-02-17 06:15:46,https://www.linkedin.com/feed/update/urn%3Ali%3Ashare%3A6899959526238289921,,,,MEMBER_NETWORK
2022-02-17 04:12:59,https://www.linkedin.com/feed/update/urn%3Ali%3Ashare%3A6899928626997862400,"Hoy me paso de que alguien postulo una oferta para ganar experiencia trabajando gratis en su proyecto. la verdad que por el momento tengo tiempo para algún proyecto sin cobrar con el fin de ganar experiencia. Me llamo la atención lo rápido que me tacho solo por la edad y me quedé pensando si es tan determinante la edad o no, si bien es cierto ya tengo una edad considerable y no tengo experiencia en el rubro programación, a esta edad tengo otras experiencias y virtudes que pueden llegar a sumar o aportar al proyecto que sea. quisiera saber que opinan si la edad es tan determinante como para no ver si quiera el cv ",,,MEMBER_NETWORK
2022-02-16 21:18:00,https://www.linkedin.com/feed/update/urn%3Ali%3AugcPost%3A6899824193446166528,,,,MEMBER_NETWORK
2022-02-16 20:40:50,https://www.linkedin.com/feed/update/urn%3Ali%3Ashare%3A6899814842534834176,9,,,MEMBER_NETWORK
2022-02-15 20:58:48,https://www.linkedin.com/feed/update/urn%3Ali%3Ashare%3A6899456975042600961,,,,MEMBER_NETWORK
2022-02-12 06:23:47,https://www.linkedin.com/feed/update/urn%3Ali%3Ashare%3A6898149607583346688,,,,MEMBER_NETWORK
2022-02-12 06:22:48,https://www.linkedin.com/feed/update/urn%3Ali%3AugcPost%3A6898149359129546753,,,,MEMBER_NETWORK
2022-02-10 22:38:03,https://www.linkedin.com/feed/update/urn%3Ali%3Ashare%3A6897670010785861632,,,,MEMBER_NETWORK
2022-02-09 19:41:31,https://www.linkedin.com/feed/update/urn%3Ali%3Ashare%3A6897263197863198720,"Pobre mi argentina, cada día es más difícil o imposible acceder a la gran mayoría de artículos tecnologicos",,,MEMBER_NETWORK
2022-02-09 04:58:24,https://www.linkedin.com/feed/update/urn%3Ali%3Ashare%3A6897040952481910784,,,,MEMBER_NETWORK
2022-02-08 03:53:14,https://www.linkedin.com/feed/update/urn%3Ali%3Ashare%3A6896662165541990400,,,,MEMBER_NETWORK
2022-02-07 21:34:34,https://www.linkedin.com/feed/update/urn%3Ali%3Ashare%3A6896566873169784832,,,,MEMBER_NETWORK
2022-02-07 16:51:26,https://www.linkedin.com/feed/update/urn%3Ali%3AugcPost%3A6896495619960041473,,,,MEMBER_NETWORK
2022-02-06 07:45:25,https://www.linkedin.com/feed/update/urn%3Ali%3Ashare%3A6895995821561565184,,,,MEMBER_NETWORK
2022-02-05 03:55:52,https://www.linkedin.com/feed/update/urn%3Ali%3AugcPost%3A6895575664477433856,,,,MEMBER_NETWORK
2022-02-04 15:46:21,https://www.linkedin.com/feed/update/urn%3Ali%3Ashare%3A6895392076964491264,#python ,,,MEMBER_NETWORK
2022-02-04 04:56:31,https://www.linkedin.com/feed/update/urn%3Ali%3Ashare%3A6895228542242615296,,,,MEMBER_NETWORK
2022-02-03 18:07:27,https://www.linkedin.com/feed/update/urn%3Ali%3Ashare%3A6895065199573815296,,,,MEMBER_NETWORK
2022-02-03 06:09:33,https://www.linkedin.com/feed/update/urn%3Ali%3Ashare%3A6894884533322313728,,,,MEMBER_NETWORK
2022-02-03 06:08:33,https://www.linkedin.com/feed/update/urn%3Ali%3AugcPost%3A6894884281882148864,,,,MEMBER_NETWORK
2022-02-01 22:58:17,https://www.linkedin.com/feed/update/urn%3Ali%3Ashare%3A6894413612320899072,,,,MEMBER_NETWORK
2022-01-17 07:04:16,https://www.linkedin.com/feed/update/urn%3Ali%3Ashare%3A6888737708735299584,,,,MEMBER_NETWORK
