Date,Link,OptionText
2023-05-31 16:40:15,https://www.linkedin.com/feed/update/urn:li:ugcPost:7069687146441269248,Curso de Node.js
2023-05-16 02:17:31,https://www.linkedin.com/feed/update/urn:li:ugcPost:7063921654476738560,entre un 5 y 10%
2023-04-06 10:21:19,https://www.linkedin.com/feed/update/urn:li:ugcPost:7049378944847872000,Si
2023-03-21 10:32:18,https://www.linkedin.com/feed/update/urn:li:ugcPost:7043886076670685184,Si
2023-03-15 22:45:36,https://www.linkedin.com/feed/update/urn:li:ugcPost:7041774343026008064,No hace falta
2023-03-13 17:33:09,https://www.linkedin.com/feed/update/urn:li:ugcPost:7041085474093867010,Linux de 10hs
2023-03-09 22:08:57,https://www.linkedin.com/feed/update/urn:li:ugcPost:7039718012291047424,No supero la entrevista
2023-03-07 01:19:20,https://www.linkedin.com/feed/update/urn:li:ugcPost:7038661460905877504,😶 Igual / No sé
2023-01-31 15:08:12,https://www.linkedin.com/feed/update/urn:li:ugcPost:7025948906685390848,Mi presentación 
2023-01-31 15:07:37,https://www.linkedin.com/feed/update/urn:li:ugcPost:7026170428263907329,Más o menos 👀
2023-01-26 06:10:04,https://www.linkedin.com/feed/update/urn:li:ugcPost:7024005638632398848,📱 Mensaje de WhatsApp
2023-01-19 18:13:53,https://www.linkedin.com/feed/update/urn:li:ugcPost:7021797202062659584,"Depende, comenta 👇"
2023-01-09 19:56:47,https://www.linkedin.com/feed/update/urn:li:ugcPost:7018226343712546817,Almost 500
2023-01-05 07:04:18,https://www.linkedin.com/feed/update/urn:li:ugcPost:7016390032118689792,Salarios bajos
2023-01-01 02:50:06,https://www.linkedin.com/feed/update/urn:li:ugcPost:7014704452485984256,English
2022-12-20 02:46:11,https://www.linkedin.com/feed/update/urn:li:ugcPost:7010789019177390080,Si
2022-11-23 21:55:13,https://www.linkedin.com/feed/update/urn:li:ugcPost:7000794315325124609,No. 👎
2022-11-15 10:30:21,https://www.linkedin.com/feed/update/urn:li:ugcPost:6998226413241663488,Trainee
2022-11-11 22:29:00,https://www.linkedin.com/feed/update/urn:li:ugcPost:6996796058852835328,Buscando mi primer trabajo IT
2022-09-18 16:56:28,https://www.linkedin.com/feed/update/urn:li:ugcPost:6976730783931613184,Si
2022-04-01 13:02:59,https://www.linkedin.com/feed/update/urn:li:ugcPost:6914672332028395520,"No, ya trabajé en otro rubro"
2022-03-28 13:49:31,https://www.linkedin.com/feed/update/urn:li:ugcPost:6913885906533777408,No
2022-03-23 21:25:23,https://www.linkedin.com/feed/update/urn:li:ugcPost:6912493463414427648,"Leo y/o escribo, no lo hablo"
2022-03-16 11:46:35,https://www.linkedin.com/feed/update/urn:li:ugcPost:6909188532074913792,Rotativo 
2022-02-19 23:54:56,https://www.linkedin.com/feed/update/urn:li:ugcPost:6899012196593217536,Buena...
2022-02-16 21:18:30,https://www.linkedin.com/feed/update/urn:li:ugcPost:6897511434318602240,Ampliar tu red de contactos
